date,homeTeam,awayTeam
2025-03-28,ARI,ATL
2025-03-29,ARI,ATL
2025-03-30,ARI,ATL
2025-03-31,ARI,BAL
2025-04-01,ARI,BAL
2025-04-02,ARI,BAL
2025-04-03,ARI,BOS
2025-04-04,ARI,BOS
2025-04-05,ARI,BOS
2025-04-06,ARI,CHA
2025-04-07,ARI,CHA
2025-04-08,ARI,CHA
2025-04-09,ARI,CHN
2025-04-10,ARI,CHN
2025-04-11,ARI,CHN
2025-04-12,ARI,CIN
2025-04-13,ARI,CIN
2025-04-14,ARI,CIN
2025-04-15,ARI,CLE
2025-04-16,ARI,CLE
2025-04-17,ARI,CLE
2025-04-18,ARI,COL
2025-04-19,ARI,COL
2025-04-20,ARI,COL
2025-04-21,ARI,DET
2025-04-22,ARI,DET
2025-04-23,ARI,DET
2025-04-24,ARI,HOU
2025-04-25,ARI,HOU
2025-04-26,ARI,HOU
2025-04-27,ARI,KCA
2025-04-28,ARI,KCA
2025-04-29,ARI,KCA
2025-04-30,ARI,LAA
2025-05-01,ARI,LAA
2025-05-02,ARI,LAA
2025-05-03,ARI,LAN
2025-05-04,ARI,LAN
2025-05-05,ARI,LAN
2025-05-06,ARI,MIA
2025-05-07,ARI,MIA
2025-05-08,ARI,MIA
2025-05-09,ARI,MIL
2025-05-10,ARI,MIL
2025-05-11,ARI,MIL
2025-05-12,ARI,MIN
2025-05-13,ARI,MIN
2025-05-14,ARI,MIN
2025-05-15,ARI,NYA
2025-05-16,ARI,NYA
2025-05-17,ARI,NYA
2025-05-18,ARI,NYN
2025-05-19,ARI,NYN
2025-05-20,ARI,NYN
2025-05-21,ARI,OAK
2025-05-22,ARI,OAK
2025-05-23,ARI,OAK
2025-05-24,ARI,PHI
2025-05-25,ARI,PHI
2025-05-26,ARI,PHI
2025-05-27,ARI,PIT
2025-05-28,ARI,PIT
2025-05-29,ARI,PIT
2025-05-30,ARI,SDN
2025-05-31,ARI,SDN
2025-06-01,ARI,SDN
2025-06-02,ARI,SEA
2025-06-03,ARI,SEA
2025-06-04,ARI,SEA
2025-06-05,ARI,SFN
2025-06-06,ARI,SFN
2025-06-07,ARI,SFN
2025-06-08,ARI,SLN
2025-06-09,ARI,SLN
2025-06-10,ARI,SLN
2025-06-11,ARI,TBA
2025-06-12,ARI,TBA
2025-06-13,ARI,TBA
2025-06-14,ARI,TEX
2025-06-15,ARI,TEX
2025-06-16,ARI,TEX
2025-06-17,ARI,TOR
2025-06-18,ARI,TOR
2025-06-19,ARI,TOR
2025-06-20,ARI,WAS
2025-06-21,ARI,WAS
2025-06-22,ARI,WAS
2025-06-23,ATL,ARI
2025-06-24,ATL,ARI
2025-06-25,ATL,ARI
2025-06-26,ATL,BAL
2025-06-27,ATL,BAL
2025-06-28,ATL,BAL
2025-06-29,ATL,BOS
2025-06-30,ATL,BOS
2025-07-01,ATL,BOS
2025-07-02,ATL,CHA
2025-07-03,ATL,CHA
2025-07-04,ATL,CHA
2025-07-05,ATL,CHN
2025-07-06,ATL,CHN
2025-07-07,ATL,CHN
2025-07-08,ATL,CIN
2025-07-09,ATL,CIN
2025-07-10,ATL,CIN
2025-07-11,ATL,CLE
2025-07-12,ATL,CLE
2025-07-13,ATL,CLE
2025-07-14,ATL,COL
2025-07-15,ATL,COL
2025-07-16,ATL,COL
2025-07-17,ATL,DET
2025-07-18,ATL,DET
2025-07-19,ATL,DET
2025-07-20,ATL,HOU
2025-07-21,ATL,HOU
2025-07-22,ATL,HOU
2025-07-23,ATL,KCA
2025-07-24,ATL,KCA
2025-07-25,ATL,KCA
2025-07-26,ATL,LAA
2025-07-27,ATL,LAA
2025-07-28,ATL,LAA
2025-07-29,ATL,LAN
2025-07-30,ATL,LAN
2025-07-31,ATL,LAN
2025-08-01,ATL,MIA
2025-08-02,ATL,MIA
2025-08-03,ATL,MIA
2025-08-04,ATL,MIL
2025-08-05,ATL,MIL
2025-08-06,ATL,MIL
2025-08-07,ATL,MIN
2025-08-08,ATL,MIN
2025-08-09,ATL,MIN
2025-08-10,ATL,NYA
2025-08-11,ATL,NYA
2025-08-12,ATL,NYA
2025-08-13,ATL,NYN
2025-08-14,ATL,NYN
2025-08-15,ATL,NYN
2025-08-16,ATL,OAK
2025-08-17,ATL,OAK
2025-08-18,ATL,OAK
2025-08-19,ATL,PHI
2025-08-20,ATL,PHI
2025-08-21,ATL,PHI
2025-08-22,ATL,PIT
2025-08-23,ATL,PIT
2025-08-24,ATL,PIT
2025-08-25,ATL,SDN
2025-08-26,ATL,SDN
2025-08-27,ATL,SDN
2025-08-28,ATL,SEA
2025-08-29,ATL,SEA
2025-08-30,ATL,SEA
2025-08-31,ATL,SFN
2025-09-01,ATL,SFN
2025-09-02,ATL,SFN
2025-09-03,ATL,SLN
2025-09-04,ATL,SLN
2025-09-05,ATL,SLN
2025-09-06,ATL,TBA
2025-09-07,ATL,TBA
2025-09-08,ATL,TBA
2025-09-09,ATL,TEX
2025-09-10,ATL,TEX
2025-09-11,ATL,TEX
2025-09-12,ATL,TOR
2025-09-13,ATL,TOR
2025-09-14,ATL,TOR
2025-09-15,ATL,WAS
2025-09-16,ATL,WAS
2025-09-17,ATL,WAS
2025-09-18,BAL,ARI
2025-09-19,BAL,ARI
2025-09-20,BAL,ARI
2025-09-21,BAL,ATL
2025-09-22,BAL,ATL
2025-09-23,BAL,ATL
2025-03-28,BAL,BOS
2025-03-29,BAL,BOS
2025-03-30,BAL,BOS
2025-03-31,BAL,CHA
2025-04-01,BAL,CHA
2025-04-02,BAL,CHA
2025-04-03,BAL,CHN
2025-04-04,BAL,CHN
2025-04-05,BAL,CHN
2025-04-06,BAL,CIN
2025-04-07,BAL,CIN
2025-04-08,BAL,CIN
2025-04-09,BAL,CLE
2025-04-10,BAL,CLE
2025-04-11,BAL,CLE
2025-04-12,BAL,COL
2025-04-13,BAL,COL
2025-04-14,BAL,COL
2025-04-15,BAL,DET
2025-04-16,BAL,DET
2025-04-17,BAL,DET
2025-04-18,BAL,HOU
2025-04-19,BAL,HOU
2025-04-20,BAL,HOU
2025-04-21,BAL,KCA
2025-04-22,BAL,KCA
2025-04-23,BAL,KCA
2025-04-24,BAL,LAA
2025-04-25,BAL,LAA
2025-04-26,BAL,LAA
2025-04-27,BAL,LAN
2025-04-28,BAL,LAN
2025-04-29,BAL,LAN
2025-04-30,BAL,MIA
2025-05-01,BAL,MIA
2025-05-02,BAL,MIA
2025-05-03,BAL,MIL
2025-05-04,BAL,MIL
2025-05-05,BAL,MIL
2025-05-06,BAL,MIN
2025-05-07,BAL,MIN
2025-05-08,BAL,MIN
2025-05-09,BAL,NYA
2025-05-10,BAL,NYA
2025-05-11,BAL,NYA
2025-05-12,BAL,NYN
2025-05-13,BAL,NYN
2025-05-14,BAL,NYN
2025-05-15,BAL,OAK
2025-05-16,BAL,OAK
2025-05-17,BAL,OAK
2025-05-18,BAL,PHI
2025-05-19,BAL,PHI
2025-05-20,BAL,PHI
2025-05-21,BAL,PIT
2025-05-22,BAL,PIT
2025-05-23,BAL,PIT
2025-05-24,BAL,SDN
2025-05-25,BAL,SDN
2025-05-26,BAL,SDN
2025-05-27,BAL,SEA
2025-05-28,BAL,SEA
2025-05-29,BAL,SEA
2025-05-30,BAL,SFN
2025-05-31,BAL,SFN
2025-06-01,BAL,SFN
2025-06-02,BAL,SLN
2025-06-03,BAL,SLN
2025-06-04,BAL,SLN
2025-06-05,BAL,TBA
2025-06-06,BAL,TBA
2025-06-07,BAL,TBA
2025-06-08,BAL,TEX
2025-06-09,BAL,TEX
2025-06-10,BAL,TEX
2025-06-11,BAL,TOR
2025-06-12,BAL,TOR
2025-06-13,BAL,TOR
2025-06-14,BAL,WAS
2025-06-15,BAL,WAS
2025-06-16,BAL,WAS
2025-06-17,BOS,ARI
2025-06-18,BOS,ARI
2025-06-19,BOS,ARI
2025-06-20,BOS,ATL
2025-06-21,BOS,ATL
2025-06-22,BOS,ATL
2025-06-23,BOS,BAL
2025-06-24,BOS,BAL
2025-06-25,BOS,BAL
2025-06-26,BOS,CHA
2025-06-27,BOS,CHA
2025-06-28,BOS,CHA
2025-06-29,BOS,CHN
2025-06-30,BOS,CHN
2025-07-01,BOS,CHN
2025-07-02,BOS,CIN
2025-07-03,BOS,CIN
2025-07-04,BOS,CIN
2025-07-05,BOS,CLE
2025-07-06,BOS,CLE
2025-07-07,BOS,CLE
2025-07-08,BOS,COL
2025-07-09,BOS,COL
2025-07-10,BOS,COL
2025-07-11,BOS,DET
2025-07-12,BOS,DET
2025-07-13,BOS,DET
2025-07-14,BOS,HOU
2025-07-15,BOS,HOU
2025-07-16,BOS,HOU
2025-07-17,BOS,KCA
2025-07-18,BOS,KCA
2025-07-19,BOS,KCA
2025-07-20,BOS,LAA
2025-07-21,BOS,LAA
2025-07-22,BOS,LAA
2025-07-23,BOS,LAN
2025-07-24,BOS,LAN
2025-07-25,BOS,LAN
2025-07-26,BOS,MIA
2025-07-27,BOS,MIA
2025-07-28,BOS,MIA
2025-07-29,BOS,MIL
2025-07-30,BOS,MIL
2025-07-31,BOS,MIL
2025-08-01,BOS,MIN
2025-08-02,BOS,MIN
2025-08-03,BOS,MIN
2025-08-04,BOS,NYA
2025-08-05,BOS,NYA
2025-08-06,BOS,NYA
2025-08-07,BOS,NYN
2025-08-08,BOS,NYN
2025-08-09,BOS,NYN
2025-08-10,BOS,OAK
2025-08-11,BOS,OAK
2025-08-12,BOS,OAK
2025-08-13,BOS,PHI
2025-08-14,BOS,PHI
2025-08-15,BOS,PHI
2025-08-16,BOS,PIT
2025-08-17,BOS,PIT
2025-08-18,BOS,PIT
2025-08-19,BOS,SDN
2025-08-20,BOS,SDN
2025-08-21,BOS,SDN
2025-08-22,BOS,SEA
2025-08-23,BOS,SEA
2025-08-24,BOS,SEA
2025-08-25,BOS,SFN
2025-08-26,BOS,SFN
2025-08-27,BOS,SFN
2025-08-28,BOS,SLN
2025-08-29,BOS,SLN
2025-08-30,BOS,SLN
2025-08-31,BOS,TBA
2025-09-01,BOS,TBA
2025-09-02,BOS,TBA
2025-09-03,BOS,TEX
2025-09-04,BOS,TEX
2025-09-05,BOS,TEX
2025-09-06,BOS,TOR
2025-09-07,BOS,TOR
2025-09-08,BOS,TOR
2025-09-09,BOS,WAS
2025-09-10,BOS,WAS
2025-09-11,BOS,WAS
2025-09-12,CHA,ARI
2025-09-13,CHA,ARI
2025-09-14,CHA,ARI
2025-09-15,CHA,ATL
2025-09-16,CHA,ATL
2025-09-17,CHA,ATL
2025-09-18,CHA,BAL
2025-09-19,CHA,BAL
2025-09-20,CHA,BAL
2025-09-21,CHA,BOS
2025-09-22,CHA,BOS
2025-09-23,CHA,BOS
2025-03-28,CHA,CHN
2025-03-29,CHA,CHN
2025-03-30,CHA,CHN
2025-03-31,CHA,CIN
2025-04-01,CHA,CIN
2025-04-02,CHA,CIN
2025-04-03,CHA,CLE
2025-04-04,CHA,CLE
2025-04-05,CHA,CLE
2025-04-06,CHA,COL
2025-04-07,CHA,COL
2025-04-08,CHA,COL
2025-04-09,CHA,DET
2025-04-10,CHA,DET
2025-04-11,CHA,DET
2025-04-12,CHA,HOU
2025-04-13,CHA,HOU
2025-04-14,CHA,HOU
2025-04-15,CHA,KCA
2025-04-16,CHA,KCA
2025-04-17,CHA,KCA
2025-04-18,CHA,LAA
2025-04-19,CHA,LAA
2025-04-20,CHA,LAA
2025-04-21,CHA,LAN
2025-04-22,CHA,LAN
2025-04-23,CHA,LAN
2025-04-24,CHA,MIA
2025-04-25,CHA,MIA
2025-04-26,CHA,MIA
2025-04-27,CHA,MIL
2025-04-28,CHA,MIL
2025-04-29,CHA,MIL
2025-04-30,CHA,MIN
2025-05-01,CHA,MIN
2025-05-02,CHA,MIN
2025-05-03,CHA,NYA
2025-05-04,CHA,NYA
2025-05-05,CHA,NYA
2025-05-06,CHA,NYN
2025-05-07,CHA,NYN
2025-05-08,CHA,NYN
2025-05-09,CHA,OAK
2025-05-10,CHA,OAK
2025-05-11,CHA,OAK
2025-05-12,CHA,PHI
2025-05-13,CHA,PHI
2025-05-14,CHA,PHI
2025-05-15,CHA,PIT
2025-05-16,CHA,PIT
2025-05-17,CHA,PIT
2025-05-18,CHA,SDN
2025-05-19,CHA,SDN
2025-05-20,CHA,SDN
2025-05-21,CHA,SEA
2025-05-22,CHA,SEA
2025-05-23,CHA,SEA
2025-05-24,CHA,SFN
2025-05-25,CHA,SFN
2025-05-26,CHA,SFN
2025-05-27,CHA,SLN
2025-05-28,CHA,SLN
2025-05-29,CHA,SLN
2025-05-30,CHA,TBA
2025-05-31,CHA,TBA
2025-06-01,CHA,TBA
2025-06-02,CHA,TEX
2025-06-03,CHA,TEX
2025-06-04,CHA,TEX
2025-06-05,CHA,TOR
2025-06-06,CHA,TOR
2025-06-07,CHA,TOR
2025-06-08,CHA,WAS
2025-06-09,CHA,WAS
2025-06-10,CHA,WAS
2025-06-11,CHN,ARI
2025-06-12,CHN,ARI
2025-06-13,CHN,ARI
2025-06-14,CHN,ATL
2025-06-15,CHN,ATL
2025-06-16,CHN,ATL
2025-06-17,CHN,BAL
2025-06-18,CHN,BAL
2025-06-19,CHN,BAL
2025-06-20,CHN,BOS
2025-06-21,CHN,BOS
2025-06-22,CHN,BOS
2025-06-23,CHN,CHA
2025-06-24,CHN,CHA
2025-06-25,CHN,CHA
2025-06-26,CHN,CIN
2025-06-27,CHN,CIN
2025-06-28,CHN,CIN
2025-06-29,CHN,CLE
2025-06-30,CHN,CLE
2025-07-01,CHN,CLE
2025-07-02,CHN,COL
2025-07-03,CHN,COL
2025-07-04,CHN,COL
2025-07-05,CHN,DET
2025-07-06,CHN,DET
2025-07-07,CHN,DET
2025-07-08,CHN,HOU
2025-07-09,CHN,HOU
2025-07-10,CHN,HOU
2025-07-11,CHN,KCA
2025-07-12,CHN,KCA
2025-07-13,CHN,KCA
2025-07-14,CHN,LAA
2025-07-15,CHN,LAA
2025-07-16,CHN,LAA
2025-07-17,CHN,LAN
2025-07-18,CHN,LAN
2025-07-19,CHN,LAN
2025-07-20,CHN,MIA
2025-07-21,CHN,MIA
2025-07-22,CHN,MIA
2025-07-23,CHN,MIL
2025-07-24,CHN,MIL
2025-07-25,CHN,MIL
2025-07-26,CHN,MIN
2025-07-27,CHN,MIN
2025-07-28,CHN,MIN
2025-07-29,CHN,NYA
2025-07-30,CHN,NYA
2025-07-31,CHN,NYA
2025-08-01,CHN,NYN
2025-08-02,CHN,NYN
2025-08-03,CHN,NYN
2025-08-04,CHN,OAK
2025-08-05,CHN,OAK
2025-08-06,CHN,OAK
2025-08-07,CHN,PHI
2025-08-08,CHN,PHI
2025-08-09,CHN,PHI
2025-08-10,CHN,PIT
2025-08-11,CHN,PIT
2025-08-12,CHN,PIT
2025-08-13,CHN,SDN
2025-08-14,CHN,SDN
2025-08-15,CHN,SDN
2025-08-16,CHN,SEA
2025-08-17,CHN,SEA
2025-08-18,CHN,SEA
2025-08-19,CHN,SFN
2025-08-20,CHN,SFN
2025-08-21,CHN,SFN
2025-08-22,CHN,SLN
2025-08-23,CHN,SLN
2025-08-24,CHN,SLN
2025-08-25,CHN,TBA
2025-08-26,CHN,TBA
2025-08-27,CHN,TBA
2025-08-28,CHN,TEX
2025-08-29,CHN,TEX
2025-08-30,CHN,TEX
2025-08-31,CHN,TOR
2025-09-01,CHN,TOR
2025-09-02,CHN,TOR
2025-09-03,CHN,WAS
2025-09-04,CHN,WAS
2025-09-05,CHN,WAS
2025-09-06,CIN,ARI
2025-09-07,CIN,ARI
2025-09-08,CIN,ARI
2025-09-09,CIN,ATL
2025-09-10,CIN,ATL
2025-09-11,CIN,ATL
2025-09-12,CIN,BAL
2025-09-13,CIN,BAL
2025-09-14,CIN,BAL
2025-09-15,CIN,BOS
2025-09-16,CIN,BOS
2025-09-17,CIN,BOS
2025-09-18,CIN,CHA
2025-09-19,CIN,CHA
2025-09-20,CIN,CHA
2025-09-21,CIN,CHN
2025-09-22,CIN,CHN
2025-09-23,CIN,CHN
2025-03-28,CIN,CLE
2025-03-29,CIN,CLE
2025-03-30,CIN,CLE
2025-03-31,CIN,COL
2025-04-01,CIN,COL
2025-04-02,CIN,COL
2025-04-03,CIN,DET
2025-04-04,CIN,DET
2025-04-05,CIN,DET
2025-04-06,CIN,HOU
2025-04-07,CIN,HOU
2025-04-08,CIN,HOU
2025-04-09,CIN,KCA
2025-04-10,CIN,KCA
2025-04-11,CIN,KCA
2025-04-12,CIN,LAA
2025-04-13,CIN,LAA
2025-04-14,CIN,LAA
2025-04-15,CIN,LAN
2025-04-16,CIN,LAN
2025-04-17,CIN,LAN
2025-04-18,CIN,MIA
2025-04-19,CIN,MIA
2025-04-20,CIN,MIA
2025-04-21,CIN,MIL
2025-04-22,CIN,MIL
2025-04-23,CIN,MIL
2025-04-24,CIN,MIN
2025-04-25,CIN,MIN
2025-04-26,CIN,MIN
2025-04-27,CIN,NYA
2025-04-28,CIN,NYA
2025-04-29,CIN,NYA
2025-04-30,CIN,NYN
2025-05-01,CIN,NYN
2025-05-02,CIN,NYN
2025-05-03,CIN,OAK
2025-05-04,CIN,OAK
2025-05-05,CIN,OAK
2025-05-06,CIN,PHI
2025-05-07,CIN,PHI
2025-05-08,CIN,PHI
2025-05-09,CIN,PIT
2025-05-10,CIN,PIT
2025-05-11,CIN,PIT
2025-05-12,CIN,SDN
2025-05-13,CIN,SDN
2025-05-14,CIN,SDN
2025-05-15,CIN,SEA
2025-05-16,CIN,SEA
2025-05-17,CIN,SEA
2025-05-18,CIN,SFN
2025-05-19,CIN,SFN
2025-05-20,CIN,SFN
2025-05-21,CIN,SLN
2025-05-22,CIN,SLN
2025-05-23,CIN,SLN
2025-05-24,CIN,TBA
2025-05-25,CIN,TBA
2025-05-26,CIN,TBA
2025-05-27,CIN,TEX
2025-05-28,CIN,TEX
2025-05-29,CIN,TEX
2025-05-30,CIN,TOR
2025-05-31,CIN,TOR
2025-06-01,CIN,TOR
2025-06-02,CIN,WAS
2025-06-03,CIN,WAS
2025-06-04,CIN,WAS
2025-06-05,CLE,ARI
2025-06-06,CLE,ARI
2025-06-07,CLE,ARI
2025-06-08,CLE,ATL
2025-06-09,CLE,ATL
2025-06-10,CLE,ATL
2025-06-11,CLE,BAL
2025-06-12,CLE,BAL
2025-06-13,CLE,BAL
2025-06-14,CLE,BOS
2025-06-15,CLE,BOS
2025-06-16,CLE,BOS
2025-06-17,CLE,CHA
2025-06-18,CLE,CHA
2025-06-19,CLE,CHA
2025-06-20,CLE,CHN
2025-06-21,CLE,CHN
2025-06-22,CLE,CHN
2025-06-23,CLE,CIN
2025-06-24,CLE,CIN
2025-06-25,CLE,CIN
2025-06-26,CLE,COL
2025-06-27,CLE,COL
2025-06-28,CLE,COL
2025-06-29,CLE,DET
2025-06-30,CLE,DET
2025-07-01,CLE,DET
2025-07-02,CLE,HOU
2025-07-03,CLE,HOU
2025-07-04,CLE,HOU
2025-07-05,CLE,KCA
2025-07-06,CLE,KCA
2025-07-07,CLE,KCA
2025-07-08,CLE,LAA
2025-07-09,CLE,LAA
2025-07-10,CLE,LAA
2025-07-11,CLE,LAN
2025-07-12,CLE,LAN
2025-07-13,CLE,LAN
2025-07-14,CLE,MIA
2025-07-15,CLE,MIA
2025-07-16,CLE,MIA
2025-07-17,CLE,MIL
2025-07-18,CLE,MIL
2025-07-19,CLE,MIL
2025-07-20,CLE,MIN
2025-07-21,CLE,MIN
2025-07-22,CLE,MIN
2025-07-23,CLE,NYA
2025-07-24,CLE,NYA
2025-07-25,CLE,NYA
2025-07-26,CLE,NYN
2025-07-27,CLE,NYN
2025-07-28,CLE,NYN
2025-07-29,CLE,OAK
2025-07-30,CLE,OAK
2025-07-31,CLE,OAK
2025-08-01,CLE,PHI
2025-08-02,CLE,PHI
2025-08-03,CLE,PHI
2025-08-04,CLE,PIT
2025-08-05,CLE,PIT
2025-08-06,CLE,PIT
2025-08-07,CLE,SDN
2025-08-08,CLE,SDN
2025-08-09,CLE,SDN
2025-08-10,CLE,SEA
2025-08-11,CLE,SEA
2025-08-12,CLE,SEA
2025-08-13,CLE,SFN
2025-08-14,CLE,SFN
2025-08-15,CLE,SFN
2025-08-16,CLE,SLN
2025-08-17,CLE,SLN
2025-08-18,CLE,SLN
2025-08-19,CLE,TBA
2025-08-20,CLE,TBA
2025-08-21,CLE,TBA
2025-08-22,CLE,TEX
2025-08-23,CLE,TEX
2025-08-24,CLE,TEX
2025-08-25,CLE,TOR
2025-08-26,CLE,TOR
2025-08-27,CLE,TOR
2025-08-28,CLE,WAS
2025-08-29,CLE,WAS
2025-08-30,CLE,WAS
2025-08-31,COL,ARI
2025-09-01,COL,ARI
2025-09-02,COL,ARI
2025-09-03,COL,ATL
2025-09-04,COL,ATL
2025-09-05,COL,ATL
2025-09-06,COL,BAL
2025-09-07,COL,BAL
2025-09-08,COL,BAL
2025-09-09,COL,BOS
2025-09-10,COL,BOS
2025-09-11,COL,BOS
2025-09-12,COL,CHA
2025-09-13,COL,CHA
2025-09-14,COL,CHA
2025-09-15,COL,CHN
2025-09-16,COL,CHN
2025-09-17,COL,CHN
2025-09-18,COL,CIN
2025-09-19,COL,CIN
2025-09-20,COL,CIN
2025-09-21,COL,CLE
2025-09-22,COL,CLE
2025-09-23,COL,CLE
2025-03-28,COL,DET
2025-03-29,COL,DET
2025-03-30,COL,DET
2025-03-31,COL,HOU
2025-04-01,COL,HOU
2025-04-02,COL,HOU
2025-04-03,COL,KCA
2025-04-04,COL,KCA
2025-04-05,COL,KCA
2025-04-06,COL,LAA
2025-04-07,COL,LAA
2025-04-08,COL,LAA
2025-04-09,COL,LAN
2025-04-10,COL,LAN
2025-04-11,COL,LAN
2025-04-12,COL,MIA
2025-04-13,COL,MIA
2025-04-14,COL,MIA
2025-04-15,COL,MIL
2025-04-16,COL,MIL
2025-04-17,COL,MIL
2025-04-18,COL,MIN
2025-04-19,COL,MIN
2025-04-20,COL,MIN
2025-04-21,COL,NYA
2025-04-22,COL,NYA
2025-04-23,COL,NYA
2025-04-24,COL,NYN
2025-04-25,COL,NYN
2025-04-26,COL,NYN
2025-04-27,COL,OAK
2025-04-28,COL,OAK
2025-04-29,COL,OAK
2025-04-30,COL,PHI
2025-05-01,COL,PHI
2025-05-02,COL,PHI
2025-05-03,COL,PIT
2025-05-04,COL,PIT
2025-05-05,COL,PIT
2025-05-06,COL,SDN
2025-05-07,COL,SDN
2025-05-08,COL,SDN
2025-05-09,COL,SEA
2025-05-10,COL,SEA
2025-05-11,COL,SEA
2025-05-12,COL,SFN
2025-05-13,COL,SFN
2025-05-14,COL,SFN
2025-05-15,COL,SLN
2025-05-16,COL,SLN
2025-05-17,COL,SLN
2025-05-18,COL,TBA
2025-05-19,COL,TBA
2025-05-20,COL,TBA
2025-05-21,COL,TEX
2025-05-22,COL,TEX
2025-05-23,COL,TEX
2025-05-24,COL,TOR
2025-05-25,COL,TOR
2025-05-26,COL,TOR
2025-05-27,COL,WAS
2025-05-28,COL,WAS
2025-05-29,COL,WAS
2025-05-30,DET,ARI
2025-05-31,DET,ARI
2025-06-01,DET,ARI
2025-06-02,DET,ATL
2025-06-03,DET,ATL
2025-06-04,DET,ATL
2025-06-05,DET,BAL
2025-06-06,DET,BAL
2025-06-07,DET,BAL
2025-06-08,DET,BOS
2025-06-09,DET,BOS
2025-06-10,DET,BOS
2025-06-11,DET,CHA
2025-06-12,DET,CHA
2025-06-13,DET,CHA
2025-06-14,DET,CHN
2025-06-15,DET,CHN
2025-06-16,DET,CHN
2025-06-17,DET,CIN
2025-06-18,DET,CIN
2025-06-19,DET,CIN
2025-06-20,DET,CLE
2025-06-21,DET,CLE
2025-06-22,DET,CLE
2025-06-23,DET,COL
2025-06-24,DET,COL
2025-06-25,DET,COL
2025-06-26,DET,HOU
2025-06-27,DET,HOU
2025-06-28,DET,HOU
2025-06-29,DET,KCA
2025-06-30,DET,KCA
2025-07-01,DET,KCA
2025-07-02,DET,LAA
2025-07-03,DET,LAA
2025-07-04,DET,LAA
2025-07-05,DET,LAN
2025-07-06,DET,LAN
2025-07-07,DET,LAN
2025-07-08,DET,MIA
2025-07-09,DET,MIA
2025-07-10,DET,MIA
2025-07-11,DET,MIL
2025-07-12,DET,MIL
2025-07-13,DET,MIL
2025-07-14,DET,MIN
2025-07-15,DET,MIN
2025-07-16,DET,MIN
2025-07-17,DET,NYA
2025-07-18,DET,NYA
2025-07-19,DET,NYA
2025-07-20,DET,NYN
2025-07-21,DET,NYN
2025-07-22,DET,NYN
2025-07-23,DET,OAK
2025-07-24,DET,OAK
2025-07-25,DET,OAK
2025-07-26,DET,PHI
2025-07-27,DET,PHI
2025-07-28,DET,PHI
2025-07-29,DET,PIT
2025-07-30,DET,PIT
2025-07-31,DET,PIT
2025-08-01,DET,SDN
2025-08-02,DET,SDN
2025-08-03,DET,SDN
2025-08-04,DET,SEA
2025-08-05,DET,SEA
2025-08-06,DET,SEA
2025-08-07,DET,SFN
2025-08-08,DET,SFN
2025-08-09,DET,SFN
2025-08-10,DET,SLN
2025-08-11,DET,SLN
2025-08-12,DET,SLN
2025-08-13,DET,TBA
2025-08-14,DET,TBA
2025-08-15,DET,TBA
2025-08-16,DET,TEX
2025-08-17,DET,TEX
2025-08-18,DET,TEX
2025-08-19,DET,TOR
2025-08-20,DET,TOR
2025-08-21,DET,TOR
2025-08-22,DET,WAS
2025-08-23,DET,WAS
2025-08-24,DET,WAS
2025-08-25,HOU,ARI
2025-08-26,HOU,ARI
2025-08-27,HOU,ARI
2025-08-28,HOU,ATL
2025-08-29,HOU,ATL
2025-08-30,HOU,ATL
2025-08-31,HOU,BAL
2025-09-01,HOU,BAL
2025-09-02,HOU,BAL
2025-09-03,HOU,BOS
2025-09-04,HOU,BOS
2025-09-05,HOU,BOS
2025-09-06,HOU,CHA
2025-09-07,HOU,CHA
2025-09-08,HOU,CHA
2025-09-09,HOU,CHN
2025-09-10,HOU,CHN
2025-09-11,HOU,CHN
2025-09-12,HOU,CIN
2025-09-13,HOU,CIN
2025-09-14,HOU,CIN
2025-09-15,HOU,CLE
2025-09-16,HOU,CLE
2025-09-17,HOU,CLE
2025-09-18,HOU,COL
2025-09-19,HOU,COL
2025-09-20,HOU,COL
2025-09-21,HOU,DET
2025-09-22,HOU,DET
2025-09-23,HOU,DET
2025-03-28,HOU,KCA
2025-03-29,HOU,KCA
2025-03-30,HOU,KCA
2025-03-31,HOU,LAA
2025-04-01,HOU,LAA
2025-04-02,HOU,LAA
2025-04-03,HOU,LAN
2025-04-04,HOU,LAN
2025-04-05,HOU,LAN
2025-04-06,HOU,MIA
2025-04-07,HOU,MIA
2025-04-08,HOU,MIA
2025-04-09,HOU,MIL
2025-04-10,HOU,MIL
2025-04-11,HOU,MIL
2025-04-12,HOU,MIN
2025-04-13,HOU,MIN
2025-04-14,HOU,MIN
2025-04-15,HOU,NYA
2025-04-16,HOU,NYA
2025-04-17,HOU,NYA
2025-04-18,HOU,NYN
2025-04-19,HOU,NYN
2025-04-20,HOU,NYN
2025-04-21,HOU,OAK
2025-04-22,HOU,OAK
2025-04-23,HOU,OAK
2025-04-24,HOU,PHI
2025-04-25,HOU,PHI
2025-04-26,HOU,PHI
2025-04-27,HOU,PIT
2025-04-28,HOU,PIT
2025-04-29,HOU,PIT
2025-04-30,HOU,SDN
2025-05-01,HOU,SDN
2025-05-02,HOU,SDN
2025-05-03,HOU,SEA
2025-05-04,HOU,SEA
2025-05-05,HOU,SEA
2025-05-06,HOU,SFN
2025-05-07,HOU,SFN
2025-05-08,HOU,SFN
2025-05-09,HOU,SLN
2025-05-10,HOU,SLN
2025-05-11,HOU,SLN
2025-05-12,HOU,TBA
2025-05-13,HOU,TBA
2025-05-14,HOU,TBA
2025-05-15,HOU,TEX
2025-05-16,HOU,TEX
2025-05-17,HOU,TEX
2025-05-18,HOU,TOR
2025-05-19,HOU,TOR
2025-05-20,HOU,TOR
2025-05-21,HOU,WAS
2025-05-22,HOU,WAS
2025-05-23,HOU,WAS
2025-05-24,KCA,ARI
2025-05-25,KCA,ARI
2025-05-26,KCA,ARI
2025-05-27,KCA,ATL
2025-05-28,KCA,ATL
2025-05-29,KCA,ATL
2025-05-30,KCA,BAL
2025-05-31,KCA,BAL
2025-06-01,KCA,BAL
2025-06-02,KCA,BOS
2025-06-03,KCA,BOS
2025-06-04,KCA,BOS
2025-06-05,KCA,CHA
2025-06-06,KCA,CHA
2025-06-07,KCA,CHA
2025-06-08,KCA,CHN
2025-06-09,KCA,CHN
2025-06-10,KCA,CHN
2025-06-11,KCA,CIN
2025-06-12,KCA,CIN
2025-06-13,KCA,CIN
2025-06-14,KCA,CLE
2025-06-15,KCA,CLE
2025-06-16,KCA,CLE
2025-06-17,KCA,COL
2025-06-18,KCA,COL
2025-06-19,KCA,COL
2025-06-20,KCA,DET
2025-06-21,KCA,DET
2025-06-22,KCA,DET
2025-06-23,KCA,HOU
2025-06-24,KCA,HOU
2025-06-25,KCA,HOU
2025-06-26,KCA,LAA
2025-06-27,KCA,LAA
2025-06-28,KCA,LAA
2025-06-29,KCA,LAN
2025-06-30,KCA,LAN
2025-07-01,KCA,LAN
2025-07-02,KCA,MIA
2025-07-03,KCA,MIA
2025-07-04,KCA,MIA
2025-07-05,KCA,MIL
2025-07-06,KCA,MIL
2025-07-07,KCA,MIL
2025-07-08,KCA,MIN
2025-07-09,KCA,MIN
2025-07-10,KCA,MIN
2025-07-11,KCA,NYA
2025-07-12,KCA,NYA
2025-07-13,KCA,NYA
2025-07-14,KCA,NYN
2025-07-15,KCA,NYN
2025-07-16,KCA,NYN
2025-07-17,KCA,OAK
2025-07-18,KCA,OAK
2025-07-19,KCA,OAK
2025-07-20,KCA,PHI
2025-07-21,KCA,PHI
2025-07-22,KCA,PHI
2025-07-23,KCA,PIT
2025-07-24,KCA,PIT
2025-07-25,KCA,PIT
2025-07-26,KCA,SDN
2025-07-27,KCA,SDN
2025-07-28,KCA,SDN
2025-07-29,KCA,SEA
2025-07-30,KCA,SEA
2025-07-31,KCA,SEA
2025-08-01,KCA,SFN
2025-08-02,KCA,SFN
2025-08-03,KCA,SFN
2025-08-04,KCA,SLN
2025-08-05,KCA,SLN
2025-08-06,KCA,SLN
2025-08-07,KCA,TBA
2025-08-08,KCA,TBA
2025-08-09,KCA,TBA
2025-08-10,KCA,TEX
2025-08-11,KCA,TEX
2025-08-12,KCA,TEX
2025-08-13,KCA,TOR
2025-08-14,KCA,TOR
2025-08-15,KCA,TOR
2025-08-16,KCA,WAS
2025-08-17,KCA,WAS
2025-08-18,KCA,WAS
2025-08-19,LAA,ARI
2025-08-20,LAA,ARI
2025-08-21,LAA,ARI
2025-08-22,LAA,ATL
2025-08-23,LAA,ATL
2025-08-24,LAA,ATL
2025-08-25,LAA,BAL
2025-08-26,LAA,BAL
2025-08-27,LAA,BAL
2025-08-28,LAA,BOS
2025-08-29,LAA,BOS
2025-08-30,LAA,BOS
2025-08-31,LAA,CHA
2025-09-01,LAA,CHA
2025-09-02,LAA,CHA
2025-09-03,LAA,CHN
2025-09-04,LAA,CHN
2025-09-05,LAA,CHN
2025-09-06,LAA,CIN
2025-09-07,LAA,CIN
2025-09-08,LAA,CIN
2025-09-09,LAA,CLE
2025-09-10,LAA,CLE
2025-09-11,LAA,CLE
2025-09-12,LAA,COL
2025-09-13,LAA,COL
2025-09-14,LAA,COL
2025-09-15,LAA,DET
2025-09-16,LAA,DET
2025-09-17,LAA,DET
2025-09-18,LAA,HOU
2025-09-19,LAA,HOU
2025-09-20,LAA,HOU
2025-09-21,LAA,KCA
2025-09-22,LAA,KCA
2025-09-23,LAA,KCA
2025-03-28,LAA,LAN
2025-03-29,LAA,LAN
2025-03-30,LAA,LAN
2025-03-31,LAA,MIA
2025-04-01,LAA,MIA
2025-04-02,LAA,MIA
2025-04-03,LAA,MIL
2025-04-04,LAA,MIL
2025-04-05,LAA,MIL
2025-04-06,LAA,MIN
2025-04-07,LAA,MIN
2025-04-08,LAA,MIN
2025-04-09,LAA,NYA
2025-04-10,LAA,NYA
2025-04-11,LAA,NYA
2025-04-12,LAA,NYN
2025-04-13,LAA,NYN
2025-04-14,LAA,NYN
2025-04-15,LAA,OAK
2025-04-16,LAA,OAK
2025-04-17,LAA,OAK
2025-04-18,LAA,PHI
2025-04-19,LAA,PHI
2025-04-20,LAA,PHI
2025-04-21,LAA,PIT
2025-04-22,LAA,PIT
2025-04-23,LAA,PIT
2025-04-24,LAA,SDN
2025-04-25,LAA,SDN
2025-04-26,LAA,SDN
2025-04-27,LAA,SEA
2025-04-28,LAA,SEA
2025-04-29,LAA,SEA
2025-04-30,LAA,SFN
2025-05-01,LAA,SFN
2025-05-02,LAA,SFN
2025-05-03,LAA,SLN
2025-05-04,LAA,SLN
2025-05-05,LAA,SLN
2025-05-06,LAA,TBA
2025-05-07,LAA,TBA
2025-05-08,LAA,TBA
2025-05-09,LAA,TEX
2025-05-10,LAA,TEX
2025-05-11,LAA,TEX
2025-05-12,LAA,TOR
2025-05-13,LAA,TOR
2025-05-14,LAA,TOR
2025-05-15,LAA,WAS
2025-05-16,LAA,WAS
2025-05-17,LAA,WAS
2025-05-18,LAN,ARI
2025-05-19,LAN,ARI
2025-05-20,LAN,ARI
2025-05-21,LAN,ATL
2025-05-22,LAN,ATL
2025-05-23,LAN,ATL
2025-05-24,LAN,BAL
2025-05-25,LAN,BAL
2025-05-26,LAN,BAL
2025-05-27,LAN,BOS
2025-05-28,LAN,BOS
2025-05-29,LAN,BOS
2025-05-30,LAN,CHA
2025-05-31,LAN,CHA
2025-06-01,LAN,CHA
2025-06-02,LAN,CHN
2025-06-03,LAN,CHN
2025-06-04,LAN,CHN
2025-06-05,LAN,CIN
2025-06-06,LAN,CIN
2025-06-07,LAN,CIN
2025-06-08,LAN,CLE
2025-06-09,LAN,CLE
2025-06-10,LAN,CLE
2025-06-11,LAN,COL
2025-06-12,LAN,COL
2025-06-13,LAN,COL
2025-06-14,LAN,DET
2025-06-15,LAN,DET
2025-06-16,LAN,DET
2025-06-17,LAN,HOU
2025-06-18,LAN,HOU
2025-06-19,LAN,HOU
2025-06-20,LAN,KCA
2025-06-21,LAN,KCA
2025-06-22,LAN,KCA
2025-06-23,LAN,LAA
2025-06-24,LAN,LAA
2025-06-25,LAN,LAA
2025-06-26,LAN,MIA
2025-06-27,LAN,MIA
2025-06-28,LAN,MIA
2025-06-29,LAN,MIL
2025-06-30,LAN,MIL
2025-07-01,LAN,MIL
2025-07-02,LAN,MIN
2025-07-03,LAN,MIN
2025-07-04,LAN,MIN
2025-07-05,LAN,NYA
2025-07-06,LAN,NYA
2025-07-07,LAN,NYA
2025-07-08,LAN,NYN
2025-07-09,LAN,NYN
2025-07-10,LAN,NYN
2025-07-11,LAN,OAK
2025-07-12,LAN,OAK
2025-07-13,LAN,OAK
2025-07-14,LAN,PHI
2025-07-15,LAN,PHI
2025-07-16,LAN,PHI
2025-07-17,LAN,PIT
2025-07-18,LAN,PIT
2025-07-19,LAN,PIT
2025-07-20,LAN,SDN
2025-07-21,LAN,SDN
2025-07-22,LAN,SDN
2025-07-23,LAN,SEA
2025-07-24,LAN,SEA
2025-07-25,LAN,SEA
2025-07-26,LAN,SFN
2025-07-27,LAN,SFN
2025-07-28,LAN,SFN
2025-07-29,LAN,SLN
2025-07-30,LAN,SLN
2025-07-31,LAN,SLN
2025-08-01,LAN,TBA
2025-08-02,LAN,TBA
2025-08-03,LAN,TBA
2025-08-04,LAN,TEX
2025-08-05,LAN,TEX
2025-08-06,LAN,TEX
2025-08-07,LAN,TOR
2025-08-08,LAN,TOR
2025-08-09,LAN,TOR
2025-08-10,LAN,WAS
2025-08-11,LAN,WAS
2025-08-12,LAN,WAS
2025-08-13,MIA,ARI
2025-08-14,MIA,ARI
2025-08-15,MIA,ARI
2025-08-16,MIA,ATL
2025-08-17,MIA,ATL
2025-08-18,MIA,ATL
2025-08-19,MIA,BAL
2025-08-20,MIA,BAL
2025-08-21,MIA,BAL
2025-08-22,MIA,BOS
2025-08-23,MIA,BOS
2025-08-24,MIA,BOS
2025-08-25,MIA,CHA
2025-08-26,MIA,CHA
2025-08-27,MIA,CHA
2025-08-28,MIA,CHN
2025-08-29,MIA,CHN
2025-08-30,MIA,CHN
2025-08-31,MIA,CIN
2025-09-01,MIA,CIN
2025-09-02,MIA,CIN
2025-09-03,MIA,CLE
2025-09-04,MIA,CLE
2025-09-05,MIA,CLE
2025-09-06,MIA,COL
2025-09-07,MIA,COL
2025-09-08,MIA,COL
2025-09-09,MIA,DET
2025-09-10,MIA,DET
2025-09-11,MIA,DET
2025-09-12,MIA,HOU
2025-09-13,MIA,HOU
2025-09-14,MIA,HOU
2025-09-15,MIA,KCA
2025-09-16,MIA,KCA
2025-09-17,MIA,KCA
2025-09-18,MIA,LAA
2025-09-19,MIA,LAA
2025-09-20,MIA,LAA
2025-09-21,MIA,LAN
2025-09-22,MIA,LAN
2025-09-23,MIA,LAN
2025-03-28,MIA,MIL
2025-03-29,MIA,MIL
2025-03-30,MIA,MIL
2025-03-31,MIA,MIN
2025-04-01,MIA,MIN
2025-04-02,MIA,MIN
2025-04-03,MIA,NYA
2025-04-04,MIA,NYA
2025-04-05,MIA,NYA
2025-04-06,MIA,NYN
2025-04-07,MIA,NYN
2025-04-08,MIA,NYN
2025-04-09,MIA,OAK
2025-04-10,MIA,OAK
2025-04-11,MIA,OAK
2025-04-12,MIA,PHI
2025-04-13,MIA,PHI
2025-04-14,MIA,PHI
2025-04-15,MIA,PIT
2025-04-16,MIA,PIT
2025-04-17,MIA,PIT
2025-04-18,MIA,SDN
2025-04-19,MIA,SDN
2025-04-20,MIA,SDN
2025-04-21,MIA,SEA
2025-04-22,MIA,SEA
2025-04-23,MIA,SEA
2025-04-24,MIA,SFN
2025-04-25,MIA,SFN
2025-04-26,MIA,SFN
2025-04-27,MIA,SLN
2025-04-28,MIA,SLN
2025-04-29,MIA,SLN
2025-04-30,MIA,TBA
2025-05-01,MIA,TBA
2025-05-02,MIA,TBA
2025-05-03,MIA,TEX
2025-05-04,MIA,TEX
2025-05-05,MIA,TEX
2025-05-06,MIA,TOR
2025-05-07,MIA,TOR
2025-05-08,MIA,TOR
2025-05-09,MIA,WAS
2025-05-10,MIA,WAS
2025-05-11,MIA,WAS
2025-05-12,MIL,ARI
2025-05-13,MIL,ARI
2025-05-14,MIL,ARI
2025-05-15,MIL,ATL
2025-05-16,MIL,ATL
2025-05-17,MIL,ATL
2025-05-18,MIL,BAL
2025-05-19,MIL,BAL
2025-05-20,MIL,BAL
2025-05-21,MIL,BOS
2025-05-22,MIL,BOS
2025-05-23,MIL,BOS
2025-05-24,MIL,CHA
2025-05-25,MIL,CHA
2025-05-26,MIL,CHA
2025-05-27,MIL,CHN
2025-05-28,MIL,CHN
2025-05-29,MIL,CHN
2025-05-30,MIL,CIN
2025-05-31,MIL,CIN
2025-06-01,MIL,CIN
2025-06-02,MIL,CLE
2025-06-03,MIL,CLE
2025-06-04,MIL,CLE
2025-06-05,MIL,COL
2025-06-06,MIL,COL
2025-06-07,MIL,COL
2025-06-08,MIL,DET
2025-06-09,MIL,DET
2025-06-10,MIL,DET
2025-06-11,MIL,HOU
2025-06-12,MIL,HOU
2025-06-13,MIL,HOU
2025-06-14,MIL,KCA
2025-06-15,MIL,KCA
2025-06-16,MIL,KCA
2025-06-17,MIL,LAA
2025-06-18,MIL,LAA
2025-06-19,MIL,LAA
2025-06-20,MIL,LAN
2025-06-21,MIL,LAN
2025-06-22,MIL,LAN
2025-06-23,MIL,MIA
2025-06-24,MIL,MIA
2025-06-25,MIL,MIA
2025-06-26,MIL,MIN
2025-06-27,MIL,MIN
2025-06-28,MIL,MIN
2025-06-29,MIL,NYA
2025-06-30,MIL,NYA
2025-07-01,MIL,NYA
2025-07-02,MIL,NYN
2025-07-03,MIL,NYN
2025-07-04,MIL,NYN
2025-07-05,MIL,OAK
2025-07-06,MIL,OAK
2025-07-07,MIL,OAK
2025-07-08,MIL,PHI
2025-07-09,MIL,PHI
2025-07-10,MIL,PHI
2025-07-11,MIL,PIT
2025-07-12,MIL,PIT
2025-07-13,MIL,PIT
2025-07-14,MIL,SDN
2025-07-15,MIL,SDN
2025-07-16,MIL,SDN
2025-07-17,MIL,SEA
2025-07-18,MIL,SEA
2025-07-19,MIL,SEA
2025-07-20,MIL,SFN
2025-07-21,MIL,SFN
2025-07-22,MIL,SFN
2025-07-23,MIL,SLN
2025-07-24,MIL,SLN
2025-07-25,MIL,SLN
2025-07-26,MIL,TBA
2025-07-27,MIL,TBA
2025-07-28,MIL,TBA
2025-07-29,MIL,TEX
2025-07-30,MIL,TEX
2025-07-31,MIL,TEX
2025-08-01,MIL,TOR
2025-08-02,MIL,TOR
2025-08-03,MIL,TOR
2025-08-04,MIL,WAS
2025-08-05,MIL,WAS
2025-08-06,MIL,WAS
2025-08-07,MIN,ARI
2025-08-08,MIN,ARI
2025-08-09,MIN,ARI
2025-08-10,MIN,ATL
2025-08-11,MIN,ATL
2025-08-12,MIN,ATL
2025-08-13,MIN,BAL
2025-08-14,MIN,BAL
2025-08-15,MIN,BAL
2025-08-16,MIN,BOS
2025-08-17,MIN,BOS
2025-08-18,MIN,BOS
2025-08-19,MIN,CHA
2025-08-20,MIN,CHA
2025-08-21,MIN,CHA
2025-08-22,MIN,CHN
2025-08-23,MIN,CHN
2025-08-24,MIN,CHN
2025-08-25,MIN,CIN
2025-08-26,MIN,CIN
2025-08-27,MIN,CIN
2025-08-28,MIN,CLE
2025-08-29,MIN,CLE
2025-08-30,MIN,CLE
2025-08-31,MIN,COL
2025-09-01,MIN,COL
2025-09-02,MIN,COL
2025-09-03,MIN,DET
2025-09-04,MIN,DET
2025-09-05,MIN,DET
2025-09-06,MIN,HOU
2025-09-07,MIN,HOU
2025-09-08,MIN,HOU
2025-09-09,MIN,KCA
2025-09-10,MIN,KCA
2025-09-11,MIN,KCA
2025-09-12,MIN,LAA
2025-09-13,MIN,LAA
2025-09-14,MIN,LAA
2025-09-15,MIN,LAN
2025-09-16,MIN,LAN
2025-09-17,MIN,LAN
2025-09-18,MIN,MIA
2025-09-19,MIN,MIA
2025-09-20,MIN,MIA
2025-09-21,MIN,MIL
2025-09-22,MIN,MIL
2025-09-23,MIN,MIL
2025-03-28,MIN,NYA
2025-03-29,MIN,NYA
2025-03-30,MIN,NYA
2025-03-31,MIN,NYN
2025-04-01,MIN,NYN
2025-04-02,MIN,NYN
2025-04-03,MIN,OAK
2025-04-04,MIN,OAK
2025-04-05,MIN,OAK
2025-04-06,MIN,PHI
2025-04-07,MIN,PHI
2025-04-08,MIN,PHI
2025-04-09,MIN,PIT
2025-04-10,MIN,PIT
2025-04-11,MIN,PIT
2025-04-12,MIN,SDN
2025-04-13,MIN,SDN
2025-04-14,MIN,SDN
2025-04-15,MIN,SEA
2025-04-16,MIN,SEA
2025-04-17,MIN,SEA
2025-04-18,MIN,SFN
2025-04-19,MIN,SFN
2025-04-20,MIN,SFN
2025-04-21,MIN,SLN
2025-04-22,MIN,SLN
2025-04-23,MIN,SLN
2025-04-24,MIN,TBA
2025-04-25,MIN,TBA
2025-04-26,MIN,TBA
2025-04-27,MIN,TEX
2025-04-28,MIN,TEX
2025-04-29,MIN,TEX
2025-04-30,MIN,TOR
2025-05-01,MIN,TOR
2025-05-02,MIN,TOR
2025-05-03,MIN,WAS
2025-05-04,MIN,WAS
2025-05-05,MIN,WAS
2025-05-06,NYA,ARI
2025-05-07,NYA,ARI
2025-05-08,NYA,ARI
2025-05-09,NYA,ATL
2025-05-10,NYA,ATL
2025-05-11,NYA,ATL
2025-05-12,NYA,BAL
2025-05-13,NYA,BAL
2025-05-14,NYA,BAL
2025-05-15,NYA,BOS
2025-05-16,NYA,BOS
2025-05-17,NYA,BOS
2025-05-18,NYA,CHA
2025-05-19,NYA,CHA
2025-05-20,NYA,CHA
2025-05-21,NYA,CHN
2025-05-22,NYA,CHN
2025-05-23,NYA,CHN
2025-05-24,NYA,CIN
2025-05-25,NYA,CIN
2025-05-26,NYA,CIN
2025-05-27,NYA,CLE
2025-05-28,NYA,CLE
2025-05-29,NYA,CLE
2025-05-30,NYA,COL
2025-05-31,NYA,COL
2025-06-01,NYA,COL
2025-06-02,NYA,DET
2025-06-03,NYA,DET
2025-06-04,NYA,DET
2025-06-05,NYA,HOU
2025-06-06,NYA,HOU
2025-06-07,NYA,HOU
2025-06-08,NYA,KCA
2025-06-09,NYA,KCA
2025-06-10,NYA,KCA
2025-06-11,NYA,LAA
2025-06-12,NYA,LAA
2025-06-13,NYA,LAA
2025-06-14,NYA,LAN
2025-06-15,NYA,LAN
2025-06-16,NYA,LAN
2025-06-17,NYA,MIA
2025-06-18,NYA,MIA
2025-06-19,NYA,MIA
2025-06-20,NYA,MIL
2025-06-21,NYA,MIL
2025-06-22,NYA,MIL
2025-06-23,NYA,MIN
2025-06-24,NYA,MIN
2025-06-25,NYA,MIN
2025-06-26,NYA,NYN
2025-06-27,NYA,NYN
2025-06-28,NYA,NYN
2025-06-29,NYA,OAK
2025-06-30,NYA,OAK
2025-07-01,NYA,OAK
2025-07-02,NYA,PHI
2025-07-03,NYA,PHI
2025-07-04,NYA,PHI
2025-07-05,NYA,PIT
2025-07-06,NYA,PIT
2025-07-07,NYA,PIT
2025-07-08,NYA,SDN
2025-07-09,NYA,SDN
2025-07-10,NYA,SDN
2025-07-11,NYA,SEA
2025-07-12,NYA,SEA
2025-07-13,NYA,SEA
2025-07-14,NYA,SFN
2025-07-15,NYA,SFN
2025-07-16,NYA,SFN
2025-07-17,NYA,SLN
2025-07-18,NYA,SLN
2025-07-19,NYA,SLN
2025-07-20,NYA,TBA
2025-07-21,NYA,TBA
2025-07-22,NYA,TBA
2025-07-23,NYA,TEX
2025-07-24,NYA,TEX
2025-07-25,NYA,TEX
2025-07-26,NYA,TOR
2025-07-27,NYA,TOR
2025-07-28,NYA,TOR
2025-07-29,NYA,WAS
2025-07-30,NYA,WAS
2025-07-31,NYA,WAS
2025-08-01,NYN,ARI
2025-08-02,NYN,ARI
2025-08-03,NYN,ARI
2025-08-04,NYN,ATL
2025-08-05,NYN,ATL
2025-08-06,NYN,ATL
2025-08-07,NYN,BAL
2025-08-08,NYN,BAL
2025-08-09,NYN,BAL
2025-08-10,NYN,BOS
2025-08-11,NYN,BOS
2025-08-12,NYN,BOS
2025-08-13,NYN,CHA
2025-08-14,NYN,CHA
2025-08-15,NYN,CHA
2025-08-16,NYN,CHN
2025-08-17,NYN,CHN
2025-08-18,NYN,CHN
2025-08-19,NYN,CIN
2025-08-20,NYN,CIN
2025-08-21,NYN,CIN
2025-08-22,NYN,CLE
2025-08-23,NYN,CLE
2025-08-24,NYN,CLE
2025-08-25,NYN,COL
2025-08-26,NYN,COL
2025-08-27,NYN,COL
2025-08-28,NYN,DET
2025-08-29,NYN,DET
2025-08-30,NYN,DET
2025-08-31,NYN,HOU
2025-09-01,NYN,HOU
2025-09-02,NYN,HOU
2025-09-03,NYN,KCA
2025-09-04,NYN,KCA
2025-09-05,NYN,KCA
2025-09-06,NYN,LAA
2025-09-07,NYN,LAA
2025-09-08,NYN,LAA
2025-09-09,NYN,LAN
2025-09-10,NYN,LAN
2025-09-11,NYN,LAN
2025-09-12,NYN,MIA
2025-09-13,NYN,MIA
2025-09-14,NYN,MIA
2025-09-15,NYN,MIL
2025-09-16,NYN,MIL
2025-09-17,NYN,MIL
2025-09-18,NYN,MIN
2025-09-19,NYN,MIN
2025-09-20,NYN,MIN
2025-09-21,NYN,NYA
2025-09-22,NYN,NYA
2025-09-23,NYN,NYA
2025-03-28,NYN,OAK
2025-03-29,NYN,OAK
2025-03-30,NYN,OAK
2025-03-31,NYN,PHI
2025-04-01,NYN,PHI
2025-04-02,NYN,PHI
2025-04-03,NYN,PIT
2025-04-04,NYN,PIT
2025-04-05,NYN,PIT
2025-04-06,NYN,SDN
2025-04-07,NYN,SDN
2025-04-08,NYN,SDN
2025-04-09,NYN,SEA
2025-04-10,NYN,SEA
2025-04-11,NYN,SEA
2025-04-12,NYN,SFN
2025-04-13,NYN,SFN
2025-04-14,NYN,SFN
2025-04-15,NYN,SLN
2025-04-16,NYN,SLN
2025-04-17,NYN,SLN
2025-04-18,NYN,TBA
2025-04-19,NYN,TBA
2025-04-20,NYN,TBA
2025-04-21,NYN,TEX
2025-04-22,NYN,TEX
2025-04-23,NYN,TEX
2025-04-24,NYN,TOR
2025-04-25,NYN,TOR
2025-04-26,NYN,TOR
2025-04-27,NYN,WAS
2025-04-28,NYN,WAS
2025-04-29,NYN,WAS
2025-04-30,OAK,ARI
2025-05-01,OAK,ARI
2025-05-02,OAK,ARI
2025-05-03,OAK,ATL
2025-05-04,OAK,ATL
2025-05-05,OAK,ATL
2025-05-06,OAK,BAL
2025-05-07,OAK,BAL
2025-05-08,OAK,BAL
2025-05-09,OAK,BOS
2025-05-10,OAK,BOS
2025-05-11,OAK,BOS
2025-05-12,OAK,CHA
2025-05-13,OAK,CHA
2025-05-14,OAK,CHA
2025-05-15,OAK,CHN
2025-05-16,OAK,CHN
2025-05-17,OAK,CHN
2025-05-18,OAK,CIN
2025-05-19,OAK,CIN
2025-05-20,OAK,CIN
2025-05-21,OAK,CLE
2025-05-22,OAK,CLE
2025-05-23,OAK,CLE
2025-05-24,OAK,COL
2025-05-25,OAK,COL
2025-05-26,OAK,COL
2025-05-27,OAK,DET
2025-05-28,OAK,DET
2025-05-29,OAK,DET
2025-05-30,OAK,HOU
2025-05-31,OAK,HOU
2025-06-01,OAK,HOU
2025-06-02,OAK,KCA
2025-06-03,OAK,KCA
2025-06-04,OAK,KCA
2025-06-05,OAK,LAA
2025-06-06,OAK,LAA
2025-06-07,OAK,LAA
2025-06-08,OAK,LAN
2025-06-09,OAK,LAN
2025-06-10,OAK,LAN
2025-06-11,OAK,MIA
2025-06-12,OAK,MIA
2025-06-13,OAK,MIA
2025-06-14,OAK,MIL
2025-06-15,OAK,MIL
2025-06-16,OAK,MIL
2025-06-17,OAK,MIN
2025-06-18,OAK,MIN
2025-06-19,OAK,MIN
2025-06-20,OAK,NYA
2025-06-21,OAK,NYA
2025-06-22,OAK,NYA
2025-06-23,OAK,NYN
2025-06-24,OAK,NYN
2025-06-25,OAK,NYN
2025-06-26,OAK,PHI
2025-06-27,OAK,PHI
2025-06-28,OAK,PHI
2025-06-29,OAK,PIT
2025-06-30,OAK,PIT
2025-07-01,OAK,PIT
2025-07-02,OAK,SDN
2025-07-03,OAK,SDN
2025-07-04,OAK,SDN
2025-07-05,OAK,SEA
2025-07-06,OAK,SEA
2025-07-07,OAK,SEA
2025-07-08,OAK,SFN
2025-07-09,OAK,SFN
2025-07-10,OAK,SFN
2025-07-11,OAK,SLN
2025-07-12,OAK,SLN
2025-07-13,OAK,SLN
2025-07-14,OAK,TBA
2025-07-15,OAK,TBA
2025-07-16,OAK,TBA
2025-07-17,OAK,TEX
2025-07-18,OAK,TEX
2025-07-19,OAK,TEX
2025-07-20,OAK,TOR
2025-07-21,OAK,TOR
2025-07-22,OAK,TOR
2025-07-23,OAK,WAS
2025-07-24,OAK,WAS
2025-07-25,OAK,WAS
2025-07-26,PHI,ARI
2025-07-27,PHI,ARI
2025-07-28,PHI,ARI
2025-07-29,PHI,ATL
2025-07-30,PHI,ATL
2025-07-31,PHI,ATL
2025-08-01,PHI,BAL
2025-08-02,PHI,BAL
2025-08-03,PHI,BAL
2025-08-04,PHI,BOS
2025-08-05,PHI,BOS
2025-08-06,PHI,BOS
2025-08-07,PHI,CHA
2025-08-08,PHI,CHA
2025-08-09,PHI,CHA
2025-08-10,PHI,CHN
2025-08-11,PHI,CHN
2025-08-12,PHI,CHN
2025-08-13,PHI,CIN
2025-08-14,PHI,CIN
2025-08-15,PHI,CIN
2025-08-16,PHI,CLE
2025-08-17,PHI,CLE
2025-08-18,PHI,CLE
2025-08-19,PHI,COL
2025-08-20,PHI,COL
2025-08-21,PHI,COL
2025-08-22,PHI,DET
2025-08-23,PHI,DET
2025-08-24,PHI,DET
2025-08-25,PHI,HOU
2025-08-26,PHI,HOU
2025-08-27,PHI,HOU
2025-08-28,PHI,KCA
2025-08-29,PHI,KCA
2025-08-30,PHI,KCA
2025-08-31,PHI,LAA
2025-09-01,PHI,LAA
2025-09-02,PHI,LAA
2025-09-03,PHI,LAN
2025-09-04,PHI,LAN
2025-09-05,PHI,LAN
2025-09-06,PHI,MIA
2025-09-07,PHI,MIA
2025-09-08,PHI,MIA
2025-09-09,PHI,MIL
2025-09-10,PHI,MIL
2025-09-11,PHI,MIL
2025-09-12,PHI,MIN
2025-09-13,PHI,MIN
2025-09-14,PHI,MIN
2025-09-15,PHI,NYA
2025-09-16,PHI,NYA
2025-09-17,PHI,NYA
2025-09-18,PHI,NYN
2025-09-19,PHI,NYN
2025-09-20,PHI,NYN
2025-09-21,PHI,OAK
2025-09-22,PHI,OAK
2025-09-23,PHI,OAK
2025-03-28,PHI,PIT
2025-03-29,PHI,PIT
2025-03-30,PHI,PIT
2025-03-31,PHI,SDN
2025-04-01,PHI,SDN
2025-04-02,PHI,SDN
2025-04-03,PHI,SEA
2025-04-04,PHI,SEA
2025-04-05,PHI,SEA
2025-04-06,PHI,SFN
2025-04-07,PHI,SFN
2025-04-08,PHI,SFN
2025-04-09,PHI,SLN
2025-04-10,PHI,SLN
2025-04-11,PHI,SLN
2025-04-12,PHI,TBA
2025-04-13,PHI,TBA
2025-04-14,PHI,TBA
2025-04-15,PHI,TEX
2025-04-16,PHI,TEX
2025-04-17,PHI,TEX
2025-04-18,PHI,TOR
2025-04-19,PHI,TOR
2025-04-20,PHI,TOR
2025-04-21,PHI,WAS
2025-04-22,PHI,WAS
2025-04-23,PHI,WAS
2025-04-24,PIT,ARI
2025-04-25,PIT,ARI
2025-04-26,PIT,ARI
2025-04-27,PIT,ATL
2025-04-28,PIT,ATL
2025-04-29,PIT,ATL
2025-04-30,PIT,BAL
2025-05-01,PIT,BAL
2025-05-02,PIT,BAL
2025-05-03,PIT,BOS
2025-05-04,PIT,BOS
2025-05-05,PIT,BOS
2025-05-06,PIT,CHA
2025-05-07,PIT,CHA
2025-05-08,PIT,CHA
2025-05-09,PIT,CHN
2025-05-10,PIT,CHN
2025-05-11,PIT,CHN
2025-05-12,PIT,CIN
2025-05-13,PIT,CIN
2025-05-14,PIT,CIN
2025-05-15,PIT,CLE
2025-05-16,PIT,CLE
2025-05-17,PIT,CLE
2025-05-18,PIT,COL
2025-05-19,PIT,COL
2025-05-20,PIT,COL
2025-05-21,PIT,DET
2025-05-22,PIT,DET
2025-05-23,PIT,DET
2025-05-24,PIT,HOU
2025-05-25,PIT,HOU
2025-05-26,PIT,HOU
2025-05-27,PIT,KCA
2025-05-28,PIT,KCA
2025-05-29,PIT,KCA
2025-05-30,PIT,LAA
2025-05-31,PIT,LAA
2025-06-01,PIT,LAA
2025-06-02,PIT,LAN
2025-06-03,PIT,LAN
2025-06-04,PIT,LAN
2025-06-05,PIT,MIA
2025-06-06,PIT,MIA
2025-06-07,PIT,MIA
2025-06-08,PIT,MIL
2025-06-09,PIT,MIL
2025-06-10,PIT,MIL
2025-06-11,PIT,MIN
2025-06-12,PIT,MIN
2025-06-13,PIT,MIN
2025-06-14,PIT,NYA
2025-06-15,PIT,NYA
2025-06-16,PIT,NYA
2025-06-17,PIT,NYN
2025-06-18,PIT,NYN
2025-06-19,PIT,NYN
2025-06-20,PIT,OAK
2025-06-21,PIT,OAK
2025-06-22,PIT,OAK
2025-06-23,PIT,PHI
2025-06-24,PIT,PHI
2025-06-25,PIT,PHI
2025-06-26,PIT,SDN
2025-06-27,PIT,SDN
2025-06-28,PIT,SDN
2025-06-29,PIT,SEA
2025-06-30,PIT,SEA
2025-07-01,PIT,SEA
2025-07-02,PIT,SFN
2025-07-03,PIT,SFN
2025-07-04,PIT,SFN
2025-07-05,PIT,SLN
2025-07-06,PIT,SLN
2025-07-07,PIT,SLN
2025-07-08,PIT,TBA
2025-07-09,PIT,TBA
2025-07-10,PIT,TBA
2025-07-11,PIT,TEX
2025-07-12,PIT,TEX
2025-07-13,PIT,TEX
2025-07-14,PIT,TOR
2025-07-15,PIT,TOR
2025-07-16,PIT,TOR
2025-07-17,PIT,WAS
2025-07-18,PIT,WAS
2025-07-19,PIT,WAS
2025-07-20,SDN,ARI
2025-07-21,SDN,ARI
2025-07-22,SDN,ARI
2025-07-23,SDN,ATL
2025-07-24,SDN,ATL
2025-07-25,SDN,ATL
2025-07-26,SDN,BAL
2025-07-27,SDN,BAL
2025-07-28,SDN,BAL
2025-07-29,SDN,BOS
2025-07-30,SDN,BOS
2025-07-31,SDN,BOS
2025-08-01,SDN,CHA
2025-08-02,SDN,CHA
2025-08-03,SDN,CHA
2025-08-04,SDN,CHN
2025-08-05,SDN,CHN
2025-08-06,SDN,CHN
2025-08-07,SDN,CIN
2025-08-08,SDN,CIN
2025-08-09,SDN,CIN
2025-08-10,SDN,CLE
2025-08-11,SDN,CLE
2025-08-12,SDN,CLE
2025-08-13,SDN,COL
2025-08-14,SDN,COL
2025-08-15,SDN,COL
2025-08-16,SDN,DET
2025-08-17,SDN,DET
2025-08-18,SDN,DET
2025-08-19,SDN,HOU
2025-08-20,SDN,HOU
2025-08-21,SDN,HOU
2025-08-22,SDN,KCA
2025-08-23,SDN,KCA
2025-08-24,SDN,KCA
2025-08-25,SDN,LAA
2025-08-26,SDN,LAA
2025-08-27,SDN,LAA
2025-08-28,SDN,LAN
2025-08-29,SDN,LAN
2025-08-30,SDN,LAN
2025-08-31,SDN,MIA
2025-09-01,SDN,MIA
2025-09-02,SDN,MIA
2025-09-03,SDN,MIL
2025-09-04,SDN,MIL
2025-09-05,SDN,MIL
2025-09-06,SDN,MIN
2025-09-07,SDN,MIN
2025-09-08,SDN,MIN
2025-09-09,SDN,NYA
2025-09-10,SDN,NYA
2025-09-11,SDN,NYA
2025-09-12,SDN,NYN
2025-09-13,SDN,NYN
2025-09-14,SDN,NYN
2025-09-15,SDN,OAK
2025-09-16,SDN,OAK
2025-09-17,SDN,OAK
2025-09-18,SDN,PHI
2025-09-19,SDN,PHI
2025-09-20,SDN,PHI
2025-09-21,SDN,PIT
2025-09-22,SDN,PIT
2025-09-23,SDN,PIT
2025-03-28,SDN,SEA
2025-03-29,SDN,SEA
2025-03-30,SDN,SEA
2025-03-31,SDN,SFN
2025-04-01,SDN,SFN
2025-04-02,SDN,SFN
2025-04-03,SDN,SLN
2025-04-04,SDN,SLN
2025-04-05,SDN,SLN
2025-04-06,SDN,TBA
2025-04-07,SDN,TBA
2025-04-08,SDN,TBA
2025-04-09,SDN,TEX
2025-04-10,SDN,TEX
2025-04-11,SDN,TEX
2025-04-12,SDN,TOR
2025-04-13,SDN,TOR
2025-04-14,SDN,TOR
2025-04-15,SDN,WAS
2025-04-16,SDN,WAS
2025-04-17,SDN,WAS
2025-04-18,SEA,ARI
2025-04-19,SEA,ARI
2025-04-20,SEA,ARI
2025-04-21,SEA,ATL
2025-04-22,SEA,ATL
2025-04-23,SEA,ATL
2025-04-24,SEA,BAL
2025-04-25,SEA,BAL
2025-04-26,SEA,BAL
2025-04-27,SEA,BOS
2025-04-28,SEA,BOS
2025-04-29,SEA,BOS
2025-04-30,SEA,CHA
2025-05-01,SEA,CHA
2025-05-02,SEA,CHA
2025-05-03,SEA,CHN
2025-05-04,SEA,CHN
2025-05-05,SEA,CHN
2025-05-06,SEA,CIN
2025-05-07,SEA,CIN
2025-05-08,SEA,CIN
2025-05-09,SEA,CLE
2025-05-10,SEA,CLE
2025-05-11,SEA,CLE
2025-05-12,SEA,COL
2025-05-13,SEA,COL
2025-05-14,SEA,COL
2025-05-15,SEA,DET
2025-05-16,SEA,DET
2025-05-17,SEA,DET
2025-05-18,SEA,HOU
2025-05-19,SEA,HOU
2025-05-20,SEA,HOU
2025-05-21,SEA,KCA
2025-05-22,SEA,KCA
2025-05-23,SEA,KCA
2025-05-24,SEA,LAA
2025-05-25,SEA,LAA
2025-05-26,SEA,LAA
2025-05-27,SEA,LAN
2025-05-28,SEA,LAN
2025-05-29,SEA,LAN
2025-05-30,SEA,MIA
2025-05-31,SEA,MIA
2025-06-01,SEA,MIA
2025-06-02,SEA,MIL
2025-06-03,SEA,MIL
2025-06-04,SEA,MIL
2025-06-05,SEA,MIN
2025-06-06,SEA,MIN
2025-06-07,SEA,MIN
2025-06-08,SEA,NYA
2025-06-09,SEA,NYA
2025-06-10,SEA,NYA
2025-06-11,SEA,NYN
2025-06-12,SEA,NYN
2025-06-13,SEA,NYN
2025-06-14,SEA,OAK
2025-06-15,SEA,OAK
2025-06-16,SEA,OAK
2025-06-17,SEA,PHI
2025-06-18,SEA,PHI
2025-06-19,SEA,PHI
2025-06-20,SEA,PIT
2025-06-21,SEA,PIT
2025-06-22,SEA,PIT
2025-06-23,SEA,SDN
2025-06-24,SEA,SDN
2025-06-25,SEA,SDN
2025-06-26,SEA,SFN
2025-06-27,SEA,SFN
2025-06-28,SEA,SFN
2025-06-29,SEA,SLN
2025-06-30,SEA,SLN
2025-07-01,SEA,SLN
2025-07-02,SEA,TBA
2025-07-03,SEA,TBA
2025-07-04,SEA,TBA
2025-07-05,SEA,TEX
2025-07-06,SEA,TEX
2025-07-07,SEA,TEX
2025-07-08,SEA,TOR
2025-07-09,SEA,TOR
2025-07-10,SEA,TOR
2025-07-11,SEA,WAS
2025-07-12,SEA,WAS
2025-07-13,SEA,WAS
2025-07-14,SFN,ARI
2025-07-15,SFN,ARI
2025-07-16,SFN,ARI
2025-07-17,SFN,ATL
2025-07-18,SFN,ATL
2025-07-19,SFN,ATL
2025-07-20,SFN,BAL
2025-07-21,SFN,BAL
2025-07-22,SFN,BAL
2025-07-23,SFN,BOS
2025-07-24,SFN,BOS
2025-07-25,SFN,BOS
2025-07-26,SFN,CHA
2025-07-27,SFN,CHA
2025-07-28,SFN,CHA
2025-07-29,SFN,CHN
2025-07-30,SFN,CHN
2025-07-31,SFN,CHN
2025-08-01,SFN,CIN
2025-08-02,SFN,CIN
2025-08-03,SFN,CIN
2025-08-04,SFN,CLE
2025-08-05,SFN,CLE
2025-08-06,SFN,CLE
2025-08-07,SFN,COL
2025-08-08,SFN,COL
2025-08-09,SFN,COL
2025-08-10,SFN,DET
2025-08-11,SFN,DET
2025-08-12,SFN,DET
2025-08-13,SFN,HOU
2025-08-14,SFN,HOU
2025-08-15,SFN,HOU
2025-08-16,SFN,KCA
2025-08-17,SFN,KCA
2025-08-18,SFN,KCA
2025-08-19,SFN,LAA
2025-08-20,SFN,LAA
2025-08-21,SFN,LAA
2025-08-22,SFN,LAN
2025-08-23,SFN,LAN
2025-08-24,SFN,LAN
2025-08-25,SFN,MIA
2025-08-26,SFN,MIA
2025-08-27,SFN,MIA
2025-08-28,SFN,MIL
2025-08-29,SFN,MIL
2025-08-30,SFN,MIL
2025-08-31,SFN,MIN
2025-09-01,SFN,MIN
2025-09-02,SFN,MIN
2025-09-03,SFN,NYA
2025-09-04,SFN,NYA
2025-09-05,SFN,NYA
2025-09-06,SFN,NYN
2025-09-07,SFN,NYN
2025-09-08,SFN,NYN
2025-09-09,SFN,OAK
2025-09-10,SFN,OAK
2025-09-11,SFN,OAK
2025-09-12,SFN,PHI
2025-09-13,SFN,PHI
2025-09-14,SFN,PHI
2025-09-15,SFN,PIT
2025-09-16,SFN,PIT
2025-09-17,SFN,PIT
2025-09-18,SFN,SDN
2025-09-19,SFN,SDN
2025-09-20,SFN,SDN
2025-09-21,SFN,SEA
2025-09-22,SFN,SEA
2025-09-23,SFN,SEA
2025-03-28,SFN,SLN
2025-03-29,SFN,SLN
2025-03-30,SFN,SLN
2025-03-31,SFN,TBA
2025-04-01,SFN,TBA
2025-04-02,SFN,TBA
2025-04-03,SFN,TEX
2025-04-04,SFN,TEX
2025-04-05,SFN,TEX
2025-04-06,SFN,TOR
2025-04-07,SFN,TOR
2025-04-08,SFN,TOR
2025-04-09,SFN,WAS
2025-04-10,SFN,WAS
2025-04-11,SFN,WAS
2025-04-12,SLN,ARI
2025-04-13,SLN,ARI
2025-04-14,SLN,ARI
2025-04-15,SLN,ATL
2025-04-16,SLN,ATL
2025-04-17,SLN,ATL
2025-04-18,SLN,BAL
2025-04-19,SLN,BAL
2025-04-20,SLN,BAL
2025-04-21,SLN,BOS
2025-04-22,SLN,BOS
2025-04-23,SLN,BOS
2025-04-24,SLN,CHA
2025-04-25,SLN,CHA
2025-04-26,SLN,CHA
2025-04-27,SLN,CHN
2025-04-28,SLN,CHN
2025-04-29,SLN,CHN
2025-04-30,SLN,CIN
2025-05-01,SLN,CIN
2025-05-02,SLN,CIN
2025-05-03,SLN,CLE
2025-05-04,SLN,CLE
2025-05-05,SLN,CLE
2025-05-06,SLN,COL
2025-05-07,SLN,COL
2025-05-08,SLN,COL
2025-05-09,SLN,DET
2025-05-10,SLN,DET
2025-05-11,SLN,DET
2025-05-12,SLN,HOU
2025-05-13,SLN,HOU
2025-05-14,SLN,HOU
2025-05-15,SLN,KCA
2025-05-16,SLN,KCA
2025-05-17,SLN,KCA
2025-05-18,SLN,LAA
2025-05-19,SLN,LAA
2025-05-20,SLN,LAA
2025-05-21,SLN,LAN
2025-05-22,SLN,LAN
2025-05-23,SLN,LAN
2025-05-24,SLN,MIA
2025-05-25,SLN,MIA
2025-05-26,SLN,MIA
2025-05-27,SLN,MIL
2025-05-28,SLN,MIL
2025-05-29,SLN,MIL
2025-05-30,SLN,MIN
2025-05-31,SLN,MIN
2025-06-01,SLN,MIN
2025-06-02,SLN,NYA
2025-06-03,SLN,NYA
2025-06-04,SLN,NYA
2025-06-05,SLN,NYN
2025-06-06,SLN,NYN
2025-06-07,SLN,NYN
2025-06-08,SLN,OAK
2025-06-09,SLN,OAK
2025-06-10,SLN,OAK
2025-06-11,SLN,PHI
2025-06-12,SLN,PHI
2025-06-13,SLN,PHI
2025-06-14,SLN,PIT
2025-06-15,SLN,PIT
2025-06-16,SLN,PIT
2025-06-17,SLN,SDN
2025-06-18,SLN,SDN
2025-06-19,SLN,SDN
2025-06-20,SLN,SEA
2025-06-21,SLN,SEA
2025-06-22,SLN,SEA
2025-06-23,SLN,SFN
2025-06-24,SLN,SFN
2025-06-25,SLN,SFN
2025-06-26,SLN,TBA
2025-06-27,SLN,TBA
2025-06-28,SLN,TBA
2025-06-29,SLN,TEX
2025-06-30,SLN,TEX
2025-07-01,SLN,TEX
2025-07-02,SLN,TOR
2025-07-03,SLN,TOR
2025-07-04,SLN,TOR
2025-07-05,SLN,WAS
2025-07-06,SLN,WAS
2025-07-07,SLN,WAS
2025-07-08,TBA,ARI
2025-07-09,TBA,ARI
2025-07-10,TBA,ARI
2025-07-11,TBA,ATL
2025-07-12,TBA,ATL
2025-07-13,TBA,ATL
2025-07-14,TBA,BAL
2025-07-15,TBA,BAL
2025-07-16,TBA,BAL
2025-07-17,TBA,BOS
2025-07-18,TBA,BOS
2025-07-19,TBA,BOS
2025-07-20,TBA,CHA
2025-07-21,TBA,CHA
2025-07-22,TBA,CHA
2025-07-23,TBA,CHN
2025-07-24,TBA,CHN
2025-07-25,TBA,CHN
2025-07-26,TBA,CIN
2025-07-27,TBA,CIN
2025-07-28,TBA,CIN
2025-07-29,TBA,CLE
2025-07-30,TBA,CLE
2025-07-31,TBA,CLE
2025-08-01,TBA,COL
2025-08-02,TBA,COL
2025-08-03,TBA,COL
2025-08-04,TBA,DET
2025-08-05,TBA,DET
2025-08-06,TBA,DET
2025-08-07,TBA,HOU
2025-08-08,TBA,HOU
2025-08-09,TBA,HOU
2025-08-10,TBA,KCA
2025-08-11,TBA,KCA
2025-08-12,TBA,KCA
2025-08-13,TBA,LAA
2025-08-14,TBA,LAA
2025-08-15,TBA,LAA
2025-08-16,TBA,LAN
2025-08-17,TBA,LAN
2025-08-18,TBA,LAN
2025-08-19,TBA,MIA
2025-08-20,TBA,MIA
2025-08-21,TBA,MIA
2025-08-22,TBA,MIL
2025-08-23,TBA,MIL
2025-08-24,TBA,MIL
2025-08-25,TBA,MIN
2025-08-26,TBA,MIN
2025-08-27,TBA,MIN
2025-08-28,TBA,NYA
2025-08-29,TBA,NYA
2025-08-30,TBA,NYA
2025-08-31,TBA,NYN
2025-09-01,TBA,NYN
2025-09-02,TBA,NYN
2025-09-03,TBA,OAK
2025-09-04,TBA,OAK
2025-09-05,TBA,OAK
2025-09-06,TBA,PHI
2025-09-07,TBA,PHI
2025-09-08,TBA,PHI
2025-09-09,TBA,PIT
2025-09-10,TBA,PIT
2025-09-11,TBA,PIT
2025-09-12,TBA,SDN
2025-09-13,TBA,SDN
2025-09-14,TBA,SDN
2025-09-15,TBA,SEA
2025-09-16,TBA,SEA
2025-09-17,TBA,SEA
2025-09-18,TBA,SFN
2025-09-19,TBA,SFN
2025-09-20,TBA,SFN
2025-09-21,TBA,SLN
2025-09-22,TBA,SLN
2025-09-23,TBA,SLN
2025-03-28,TBA,TEX
2025-03-29,TBA,TEX
2025-03-30,TBA,TEX
2025-03-31,TBA,TOR
2025-04-01,TBA,TOR
2025-04-02,TBA,TOR
2025-04-03,TBA,WAS
2025-04-04,TBA,WAS
2025-04-05,TBA,WAS
2025-04-06,TEX,ARI
2025-04-07,TEX,ARI
2025-04-08,TEX,ARI
2025-04-09,TEX,ATL
2025-04-10,TEX,ATL
2025-04-11,TEX,ATL
2025-04-12,TEX,BAL
2025-04-13,TEX,BAL
2025-04-14,TEX,BAL
2025-04-15,TEX,BOS
2025-04-16,TEX,BOS
2025-04-17,TEX,BOS
2025-04-18,TEX,CHA
2025-04-19,TEX,CHA
2025-04-20,TEX,CHA
2025-04-21,TEX,CHN
2025-04-22,TEX,CHN
2025-04-23,TEX,CHN
2025-04-24,TEX,CIN
2025-04-25,TEX,CIN
2025-04-26,TEX,CIN
2025-04-27,TEX,CLE
2025-04-28,TEX,CLE
2025-04-29,TEX,CLE
2025-04-30,TEX,COL
2025-05-01,TEX,COL
2025-05-02,TEX,COL
2025-05-03,TEX,DET
2025-05-04,TEX,DET
2025-05-05,TEX,DET
2025-05-06,TEX,HOU
2025-05-07,TEX,HOU
2025-05-08,TEX,HOU
2025-05-09,TEX,KCA
2025-05-10,TEX,KCA
2025-05-11,TEX,KCA
2025-05-12,TEX,LAA
2025-05-13,TEX,LAA
2025-05-14,TEX,LAA
2025-05-15,TEX,LAN
2025-05-16,TEX,LAN
2025-05-17,TEX,LAN
2025-05-18,TEX,MIA
2025-05-19,TEX,MIA
2025-05-20,TEX,MIA
2025-05-21,TEX,MIL
2025-05-22,TEX,MIL
2025-05-23,TEX,MIL
2025-05-24,TEX,MIN
2025-05-25,TEX,MIN
2025-05-26,TEX,MIN
2025-05-27,TEX,NYA
2025-05-28,TEX,NYA
2025-05-29,TEX,NYA
2025-05-30,TEX,NYN
2025-05-31,TEX,NYN
2025-06-01,TEX,NYN
2025-06-02,TEX,OAK
2025-06-03,TEX,OAK
2025-06-04,TEX,OAK
2025-06-05,TEX,PHI
2025-06-06,TEX,PHI
2025-06-07,TEX,PHI
2025-06-08,TEX,PIT
2025-06-09,TEX,PIT
2025-06-10,TEX,PIT
2025-06-11,TEX,SDN
2025-06-12,TEX,SDN
2025-06-13,TEX,SDN
2025-06-14,TEX,SEA
2025-06-15,TEX,SEA
2025-06-16,TEX,SEA
2025-06-17,TEX,SFN
2025-06-18,TEX,SFN
2025-06-19,TEX,SFN
2025-06-20,TEX,SLN
2025-06-21,TEX,SLN
2025-06-22,TEX,SLN
2025-06-23,TEX,TBA
2025-06-24,TEX,TBA
2025-06-25,TEX,TBA
2025-06-26,TEX,TOR
2025-06-27,TEX,TOR
2025-06-28,TEX,TOR
2025-06-29,TEX,WAS
2025-06-30,TEX,WAS
2025-07-01,TEX,WAS
2025-07-02,TOR,ARI
2025-07-03,TOR,ARI
2025-07-04,TOR,ARI
2025-07-05,TOR,ATL
2025-07-06,TOR,ATL
2025-07-07,TOR,ATL
2025-07-08,TOR,BAL
2025-07-09,TOR,BAL
2025-07-10,TOR,BAL
2025-07-11,TOR,BOS
2025-07-12,TOR,BOS
2025-07-13,TOR,BOS
2025-07-14,TOR,CHA
2025-07-15,TOR,CHA
2025-07-16,TOR,CHA
2025-07-17,TOR,CHN
2025-07-18,TOR,CHN
2025-07-19,TOR,CHN
2025-07-20,TOR,CIN
2025-07-21,TOR,CIN
2025-07-22,TOR,CIN
2025-07-23,TOR,CLE
2025-07-24,TOR,CLE
2025-07-25,TOR,CLE
2025-07-26,TOR,COL
2025-07-27,TOR,COL
2025-07-28,TOR,COL
2025-07-29,TOR,DET
2025-07-30,TOR,DET
2025-07-31,TOR,DET
2025-08-01,TOR,HOU
2025-08-02,TOR,HOU
2025-08-03,TOR,HOU
2025-08-04,TOR,KCA
2025-08-05,TOR,KCA
2025-08-06,TOR,KCA
2025-08-07,TOR,LAA
2025-08-08,TOR,LAA
2025-08-09,TOR,LAA
2025-08-10,TOR,LAN
2025-08-11,TOR,LAN
2025-08-12,TOR,LAN
2025-08-13,TOR,MIA
2025-08-14,TOR,MIA
2025-08-15,TOR,MIA
2025-08-16,TOR,MIL
2025-08-17,TOR,MIL
2025-08-18,TOR,MIL
2025-08-19,TOR,MIN
2025-08-20,TOR,MIN
2025-08-21,TOR,MIN
2025-08-22,TOR,NYA
2025-08-23,TOR,NYA
2025-08-24,TOR,NYA
2025-08-25,TOR,NYN
2025-08-26,TOR,NYN
2025-08-27,TOR,NYN
2025-08-28,TOR,OAK
2025-08-29,TOR,OAK
2025-08-30,TOR,OAK
2025-08-31,TOR,PHI
2025-09-01,TOR,PHI
2025-09-02,TOR,PHI
2025-09-03,TOR,PIT
2025-09-04,TOR,PIT
2025-09-05,TOR,PIT
2025-09-06,TOR,SDN
2025-09-07,TOR,SDN
2025-09-08,TOR,SDN
2025-09-09,TOR,SEA
2025-09-10,TOR,SEA
2025-09-11,TOR,SEA
2025-09-12,TOR,SFN
2025-09-13,TOR,SFN
2025-09-14,TOR,SFN
2025-09-15,TOR,SLN
2025-09-16,TOR,SLN
2025-09-17,TOR,SLN
2025-09-18,TOR,TBA
2025-09-19,TOR,TBA
2025-09-20,TOR,TBA
2025-09-21,TOR,TEX
2025-09-22,TOR,TEX
2025-09-23,TOR,TEX
2025-03-28,TOR,WAS
2025-03-29,TOR,WAS
2025-03-30,TOR,WAS
2025-03-31,WAS,ARI
2025-04-01,WAS,ARI
2025-04-02,WAS,ARI
2025-04-03,WAS,ATL
2025-04-04,WAS,ATL
2025-04-05,WAS,ATL
2025-04-06,WAS,BAL
2025-04-07,WAS,BAL
2025-04-08,WAS,BAL
2025-04-09,WAS,BOS
2025-04-10,WAS,BOS
2025-04-11,WAS,BOS
2025-04-12,WAS,CHA
2025-04-13,WAS,CHA
2025-04-14,WAS,CHA
2025-04-15,WAS,CHN
2025-04-16,WAS,CHN
2025-04-17,WAS,CHN
2025-04-18,WAS,CIN
2025-04-19,WAS,CIN
2025-04-20,WAS,CIN
2025-04-21,WAS,CLE
2025-04-22,WAS,CLE
2025-04-23,WAS,CLE
2025-04-24,WAS,COL
2025-04-25,WAS,COL
2025-04-26,WAS,COL
2025-04-27,WAS,DET
2025-04-28,WAS,DET
2025-04-29,WAS,DET
2025-04-30,WAS,HOU
2025-05-01,WAS,HOU
2025-05-02,WAS,HOU
2025-05-03,WAS,KCA
2025-05-04,WAS,KCA
2025-05-05,WAS,KCA
2025-05-06,WAS,LAA
2025-05-07,WAS,LAA
2025-05-08,WAS,LAA
2025-05-09,WAS,LAN
2025-05-10,WAS,LAN
2025-05-11,WAS,LAN
2025-05-12,WAS,MIA
2025-05-13,WAS,MIA
2025-05-14,WAS,MIA
2025-05-15,WAS,MIL
2025-05-16,WAS,MIL
2025-05-17,WAS,MIL
2025-05-18,WAS,MIN
2025-05-19,WAS,MIN
2025-05-20,WAS,MIN
2025-05-21,WAS,NYA
2025-05-22,WAS,NYA
2025-05-23,WAS,NYA
2025-05-24,WAS,NYN
2025-05-25,WAS,NYN
2025-05-26,WAS,NYN
2025-05-27,WAS,OAK
2025-05-28,WAS,OAK
2025-05-29,WAS,OAK
2025-05-30,WAS,PHI
2025-05-31,WAS,PHI
2025-06-01,WAS,PHI
2025-06-02,WAS,PIT
2025-06-03,WAS,PIT
2025-06-04,WAS,PIT
2025-06-05,WAS,SDN
2025-06-06,WAS,SDN
2025-06-07,WAS,SDN
2025-06-08,WAS,SEA
2025-06-09,WAS,SEA
2025-06-10,WAS,SEA
2025-06-11,WAS,SFN
2025-06-12,WAS,SFN
2025-06-13,WAS,SFN
2025-06-14,WAS,SLN
2025-06-15,WAS,SLN
2025-06-16,WAS,SLN
2025-06-17,WAS,TBA
2025-06-18,WAS,TBA
2025-06-19,WAS,TBA
2025-06-20,WAS,TEX
2025-06-21,WAS,TEX
2025-06-22,WAS,TEX
2025-06-23,WAS,TOR
2025-06-24,WAS,TOR
2025-06-25,WAS,TOR
