date,homeTeam,awayTeam,homeScore,awayScore
2024-03-20,SDN,LAN,2.0,5.0
2024-03-21,LAN,SDN,11.0,15.0
2024-03-28,TEX,CHN,4.0,3.0
2024-03-28,TBA,TOR,2.0,8.0
2024-03-28,SEA,BOS,4.0,6.0
2024-03-28,SDN,SFN,6.0,4.0
2024-03-28,OAK,CLE,0.0,8.0
2024-03-28,LAN,SLN,7.0,1.0
2024-03-28,MIA,PIT,5.0,6.0
2024-03-28,HOU,NYA,4.0,5.0
2024-03-28,CIN,WAS,8.0,2.0
2024-03-28,CHA,DET,0.0,1.0
2024-03-28,BAL,ANA,11.0,3.0
2024-03-28,ARI,COL,16.0,1.0
2024-03-28,KCA,MIN,1.0,4.0
2024-03-29,PHI,ATL,3.0,9.0
2024-03-29,TBA,TOR,8.0,2.0
2024-03-29,SEA,BOS,1.0,0.0
2024-03-29,SDN,SFN,3.0,8.0
2024-03-29,OAK,CLE,4.0,6.0
2024-03-29,ARI,COL,7.0,3.0
2024-03-29,MIA,PIT,2.0,7.0
2024-03-29,LAN,SLN,6.0,3.0
2024-03-29,HOU,NYA,1.0,7.0
2024-03-29,NYN,MIL,1.0,3.0
2024-03-30,NYN,MIL,6.0,7.0
2024-03-30,TEX,CHN,11.0,2.0
2024-03-30,TBA,TOR,5.0,1.0
2024-03-30,SDN,SFN,6.0,9.0
2024-03-30,PHI,ATL,4.0,12.0
2024-03-30,OAK,CLE,3.0,12.0
2024-03-30,MIA,PIT,3.0,9.0
2024-03-30,SEA,BOS,4.0,3.0
2024-03-30,KCA,MIN,1.0,5.0
2024-03-30,HOU,NYA,3.0,5.0
2024-03-30,CIN,WAS,6.0,7.0
2024-03-30,CHA,DET,6.0,7.0
2024-03-30,BAL,ANA,13.0,4.0
2024-03-30,ARI,COL,4.0,9.0
2024-03-30,LAN,SLN,5.0,6.0
2024-03-31,TEX,CHN,5.0,9.0
2024-03-31,SEA,BOS,1.0,5.0
2024-03-31,SDN,SFN,13.0,4.0
2024-03-31,PHI,ATL,5.0,4.0
2024-03-31,OAK,CLE,4.0,3.0
2024-03-31,NYN,MIL,1.0,4.0
2024-03-31,MIA,PIT,7.0,9.0
2024-03-31,TBA,TOR,2.0,9.0
2024-03-31,KCA,MIN,11.0,0.0
2024-03-31,HOU,NYA,3.0,4.0
2024-03-31,CIN,WAS,6.0,5.0
2024-03-31,CHA,DET,2.0,3.0
2024-03-31,BAL,ANA,1.0,4.0
2024-03-31,ARI,COL,5.0,1.0
2024-03-31,LAN,SLN,5.0,4.0
2024-04-01,WAS,PIT,4.0,8.0
2024-04-01,TBA,TEX,3.0,9.0
2024-04-01,SEA,CLE,5.0,4.0
2024-04-01,SDN,SLN,2.0,6.0
2024-04-01,PHI,CIN,3.0,6.0
2024-04-01,OAK,BOS,0.0,9.0
2024-04-01,NYN,DET,0.0,5.0
2024-04-01,MIA,ANA,4.0,7.0
2024-04-01,HOU,TOR,10.0,0.0
2024-04-01,CHN,COL,5.0,0.0
2024-04-01,CHA,ATL,0.0,9.0
2024-04-01,BAL,KCA,6.0,4.0
2024-04-01,ARI,NYA,2.0,5.0
2024-04-01,LAN,SFN,8.0,3.0
2024-04-02,OAK,BOS,4.0,5.0
2024-04-02,TBA,TEX,5.0,2.0
2024-04-02,SEA,CLE,2.0,5.0
2024-04-02,SDN,SLN,2.0,5.0
2024-04-02,PHI,CIN,9.0,4.0
2024-04-02,MIL,MIN,3.0,2.0
2024-04-02,LAN,SFN,5.0,4.0
2024-04-02,MIA,ANA,1.0,3.0
2024-04-02,HOU,TOR,1.0,2.0
2024-04-02,CHN,COL,12.0,2.0
2024-04-02,CHA,ATL,3.0,2.0
2024-04-02,BAL,KCA,1.0,4.0
2024-04-02,ARI,NYA,7.0,0.0
2024-04-03,WAS,PIT,5.0,3.0
2024-04-03,TBA,TEX,1.0,4.0
2024-04-03,SEA,CLE,0.0,8.0
2024-04-03,PHI,CIN,1.0,4.0
2024-04-03,MIL,MIN,3.0,7.0
2024-04-03,SDN,SLN,3.0,2.0
2024-04-03,LAN,SFN,5.0,4.0
2024-04-03,HOU,TOR,8.0,0.0
2024-04-03,CHN,COL,9.0,8.0
2024-04-03,BAL,KCA,4.0,3.0
2024-04-03,ARI,NYA,5.0,6.0
2024-04-03,MIA,ANA,2.0,10.0
2024-04-03,OAK,BOS,0.0,1.0
2024-04-04,KCA,CHA,10.0,1.0
2024-04-04,MIN,CLE,2.0,4.0
2024-04-04,NYN,DET,3.0,6.0
2024-04-04,NYN,DET,2.0,1.0
2024-04-04,SLN,MIA,8.0,5.0
2024-04-04,WAS,PIT,4.0,7.0
2024-04-05,SFN,SDN,3.0,2.0
2024-04-05,NYA,TOR,0.0,3.0
2024-04-05,TEX,HOU,10.0,2.0
2024-04-05,MIL,SEA,6.0,5.0
2024-04-05,WAS,PHI,0.0,4.0
2024-04-05,KCA,CHA,2.0,1.0
2024-04-05,PIT,BAL,2.0,5.0
2024-04-05,COL,TBA,10.0,7.0
2024-04-05,CIN,NYN,2.0,3.0
2024-04-05,CHN,LAN,9.0,7.0
2024-04-05,ATL,ARI,6.0,5.0
2024-04-05,ANA,BOS,6.0,8.0
2024-04-05,DET,OAK,5.0,4.0
2024-04-06,WAS,PHI,2.0,5.0
2024-04-06,TEX,HOU,7.0,2.0
2024-04-06,SFN,SDN,0.0,4.0
2024-04-06,PIT,BAL,5.0,4.0
2024-04-06,NYA,TOR,9.0,8.0
2024-04-06,MIN,CLE,1.0,3.0
2024-04-06,MIL,SEA,3.0,5.0
2024-04-06,SLN,MIA,3.0,1.0
2024-04-06,DET,OAK,0.0,4.0
2024-04-06,COL,TBA,6.0,8.0
2024-04-06,CIN,NYN,9.0,6.0
2024-04-06,CHN,LAN,1.0,4.0
2024-04-06,ATL,ARI,9.0,8.0
2024-04-06,ANA,BOS,2.0,1.0
2024-04-06,KCA,CHA,3.0,0.0
2024-04-07,WAS,PHI,3.0,2.0
2024-04-07,TEX,HOU,1.0,3.0
2024-04-07,SLN,MIA,3.0,10.0
2024-04-07,SFN,SDN,3.0,2.0
2024-04-07,PIT,BAL,3.0,2.0
2024-04-07,NYA,TOR,8.0,3.0
2024-04-07,MIL,SEA,12.0,4.0
2024-04-07,COL,TBA,2.0,3.0
2024-04-07,DET,OAK,1.0,7.0
2024-04-07,CIN,NYN,1.0,3.0
2024-04-07,CHN,LAN,8.0,1.0
2024-04-07,ATL,ARI,5.0,2.0
2024-04-07,ANA,BOS,2.0,12.0
2024-04-07,KCA,CHA,5.0,3.0
2024-04-08,SDN,CHN,9.0,8.0
2024-04-08,SLN,PHI,3.0,5.0
2024-04-08,PIT,DET,7.0,4.0
2024-04-08,TOR,SEA,5.0,2.0
2024-04-08,TEX,HOU,5.0,10.0
2024-04-08,NYA,MIA,7.0,0.0
2024-04-08,SFN,WAS,1.0,8.0
2024-04-08,COL,ARI,7.0,5.0
2024-04-08,ANA,TBA,7.0,1.0
2024-04-08,ATL,NYN,7.0,8.0
2024-04-08,MIN,LAN,2.0,4.0
2024-04-08,CLE,CHA,4.0,0.0
2024-04-08,CIN,MIL,10.0,8.0
2024-04-09,TEX,OAK,3.0,4.0
2024-04-09,TOR,SEA,5.0,3.0
2024-04-09,SLN,PHI,3.0,0.0
2024-04-09,SFN,WAS,3.0,5.0
2024-04-09,SDN,CHN,1.0,5.0
2024-04-09,NYA,MIA,3.0,2.0
2024-04-09,MIN,LAN,3.0,6.0
2024-04-09,PIT,DET,3.0,5.0
2024-04-09,COL,ARI,2.0,3.0
2024-04-09,CLE,CHA,5.0,7.0
2024-04-09,CIN,MIL,5.0,9.0
2024-04-09,BOS,BAL,1.0,7.0
2024-04-09,ATL,NYN,6.0,5.0
2024-04-09,ANA,TBA,4.0,6.0
2024-04-09,KCA,HOU,4.0,3.0
2024-04-10,SDN,CHN,10.0,2.0
2024-04-10,TOR,SEA,1.0,6.0
2024-04-10,TEX,OAK,6.0,2.0
2024-04-10,SLN,PHI,3.0,4.0
2024-04-10,SFN,WAS,7.0,1.0
2024-04-10,NYA,MIA,2.0,5.0
2024-04-10,CLE,CHA,7.0,6.0
2024-04-10,KCA,HOU,11.0,2.0
2024-04-10,COL,ARI,3.0,5.0
2024-04-10,CIN,MIL,2.0,7.0
2024-04-10,BOS,BAL,5.0,7.0
2024-04-10,ANA,TBA,2.0,4.0
2024-04-10,MIN,LAN,3.0,2.0
2024-04-11,PHI,PIT,5.0,1.0
2024-04-11,KCA,HOU,13.0,3.0
2024-04-11,TEX,OAK,0.0,1.0
2024-04-11,ATL,NYN,4.0,16.0
2024-04-11,BOS,BAL,4.0,9.0
2024-04-12,TOR,COL,4.0,12.0
2024-04-12,TBA,SFN,2.0,1.0
2024-04-12,NYN,KCA,6.0,1.0
2024-04-12,SEA,CHN,4.0,2.0
2024-04-12,PHI,PIT,2.0,5.0
2024-04-12,OAK,WAS,2.0,1.0
2024-04-12,MIA,ATL,1.0,8.0
2024-04-12,BAL,MIL,1.0,11.0
2024-04-12,HOU,TEX,8.0,12.0
2024-04-12,DET,MIN,8.0,2.0
2024-04-12,CHA,CIN,1.0,11.0
2024-04-12,BOS,ANA,0.0,7.0
2024-04-12,ARI,SLN,6.0,9.0
2024-04-12,LAN,SDN,7.0,8.0
2024-04-13,TOR,COL,5.0,3.0
2024-04-13,TBA,SFN,2.0,11.0
2024-04-13,SEA,CHN,1.0,4.0
2024-04-13,PHI,PIT,4.0,3.0
2024-04-13,OAK,WAS,1.0,3.0
2024-04-13,NYN,KCA,7.0,11.0
2024-04-13,MIA,ATL,5.0,1.0
2024-04-13,LAN,SDN,5.0,2.0
2024-04-13,HOU,TEX,9.0,2.0
2024-04-13,DET,MIN,5.0,11.0
2024-04-13,CLE,NYA,2.0,8.0
2024-04-13,CLE,NYA,2.0,3.0
2024-04-13,CHA,CIN,0.0,5.0
2024-04-13,BOS,ANA,7.0,2.0
2024-04-13,BAL,MIL,5.0,11.0
2024-04-13,ARI,SLN,4.0,2.0
2024-04-13,DET,MIN,1.0,4.0
2024-04-14,MIA,ATL,7.0,9.0
2024-04-14,TBA,SFN,9.0,4.0
2024-04-14,SEA,CHN,2.0,3.0
2024-04-14,PHI,PIT,2.0,9.0
2024-04-14,OAK,WAS,7.0,6.0
2024-04-14,NYN,KCA,2.0,1.0
2024-04-14,TOR,COL,5.0,0.0
2024-04-14,LAN,SDN,3.0,6.0
2024-04-14,DET,MIN,4.0,3.0
2024-04-14,CLE,NYA,8.0,7.0
2024-04-14,CHA,CIN,4.0,11.0
2024-04-14,BOS,ANA,5.0,4.0
2024-04-14,BAL,MIL,6.0,4.0
2024-04-14,ARI,SLN,5.0,0.0
2024-04-14,HOU,TEX,8.0,5.0
2024-04-15,TBA,ANA,3.0,7.0
2024-04-15,SEA,CIN,9.0,3.0
2024-04-15,PHI,COL,2.0,1.0
2024-04-15,OAK,SLN,1.0,3.0
2024-04-15,NYN,PIT,6.0,3.0
2024-04-15,MIL,SDN,3.0,7.0
2024-04-15,MIA,SFN,3.0,4.0
2024-04-15,TOR,NYA,3.0,1.0
2024-04-15,HOU,ATL,1.0,6.0
2024-04-15,DET,TEX,0.0,1.0
2024-04-15,CHA,KCA,0.0,2.0
2024-04-15,BOS,CLE,0.0,6.0
2024-04-15,BAL,MIN,7.0,4.0
2024-04-15,ARI,CHN,2.0,3.0
2024-04-15,LAN,WAS,4.0,6.0
2024-04-16,TOR,NYA,5.0,4.0
2024-04-16,TBA,ANA,7.0,6.0
2024-04-16,SEA,CIN,3.0,1.0
2024-04-16,PHI,COL,5.0,0.0
2024-04-16,OAK,SLN,2.0,3.0
2024-04-16,NYN,PIT,3.0,1.0
2024-04-16,MIL,SDN,3.0,6.0
2024-04-16,LAN,WAS,6.0,2.0
2024-04-16,HOU,ATL,2.0,6.0
2024-04-16,DET,TEX,4.0,2.0
2024-04-16,BOS,CLE,7.0,10.0
2024-04-16,BAL,MIN,11.0,3.0
2024-04-16,ARI,CHN,12.0,11.0
2024-04-16,MIA,SFN,6.0,3.0
2024-04-17,MIL,SDN,1.0,0.0
2024-04-17,TBA,ANA,4.0,5.0
2024-04-17,SEA,CIN,5.0,1.0
2024-04-17,TOR,NYA,4.0,6.0
2024-04-17,PHI,COL,7.0,6.0
2024-04-17,OAK,SLN,6.0,3.0
2024-04-17,NYN,PIT,9.0,1.0
2024-04-17,MIA,SFN,1.0,3.0
2024-04-17,BOS,CLE,2.0,0.0
2024-04-17,HOU,ATL,4.0,5.0
2024-04-17,DET,TEX,4.0,5.0
2024-04-17,CHA,KCA,2.0,1.0
2024-04-17,CHA,KCA,2.0,4.0
2024-04-17,BAL,MIN,4.0,2.0
2024-04-17,ARI,CHN,3.0,5.0
2024-04-17,LAN,WAS,0.0,2.0
2024-04-18,TBA,ANA,2.0,1.0
2024-04-18,SFN,ARI,5.0,0.0
2024-04-18,DET,TEX,7.0,9.0
2024-04-18,BOS,CLE,4.0,5.0
2024-04-19,SLN,MIL,1.0,2.0
2024-04-19,SFN,ARI,1.0,17.0
2024-04-19,SDN,TOR,1.0,5.0
2024-04-19,PIT,BOS,1.0,8.0
2024-04-19,WAS,HOU,3.0,5.0
2024-04-19,PHI,CHA,7.0,0.0
2024-04-19,NYA,TBA,5.0,3.0
2024-04-19,KCA,BAL,9.0,4.0
2024-04-19,LAN,NYN,4.0,9.0
2024-04-19,CLE,OAK,10.0,2.0
2024-04-19,CIN,ANA,7.0,1.0
2024-04-19,CHN,MIA,8.0,3.0
2024-04-19,ATL,TEX,8.0,3.0
2024-04-19,MIN,DET,4.0,5.0
2024-04-20,PHI,CHA,9.0,5.0
2024-04-20,WAS,HOU,5.0,4.0
2024-04-20,SLN,MIL,5.0,12.0
2024-04-20,SFN,ARI,7.0,3.0
2024-04-20,SDN,TOR,2.0,5.0
2024-04-20,PIT,BOS,2.0,4.0
2024-04-20,MIN,DET,4.0,3.0
2024-04-20,NYA,TBA,0.0,2.0
2024-04-20,KCA,BAL,7.0,9.0
2024-04-20,LAN,NYN,4.0,6.0
2024-04-20,COL,SEA,0.0,7.0
2024-04-20,CLE,OAK,6.0,3.0
2024-04-20,CIN,ANA,7.0,5.0
2024-04-20,CHN,MIA,5.0,3.0
2024-04-20,CHN,MIA,2.0,3.0
2024-04-20,ATL,TEX,5.0,2.0
2024-04-21,WAS,HOU,6.0,0.0
2024-04-21,SLN,MIL,0.0,2.0
2024-04-21,SFN,ARI,3.0,5.0
2024-04-21,PIT,BOS,1.0,6.0
2024-04-21,PHI,CHA,8.0,2.0
2024-04-21,NYA,TBA,5.0,4.0
2024-04-21,MIN,DET,1.0,6.0
2024-04-21,SDN,TOR,6.0,3.0
2024-04-21,KCA,BAL,0.0,5.0
2024-04-21,COL,SEA,2.0,10.0
2024-04-21,COL,SEA,2.0,1.0
2024-04-21,CLE,OAK,6.0,2.0
2024-04-21,CIN,ANA,3.0,0.0
2024-04-21,CHN,MIA,3.0,6.0
2024-04-21,ATL,TEX,4.0,6.0
2024-04-21,LAN,NYN,10.0,0.0
2024-04-22,TBA,DET,1.0,7.0
2024-04-22,SLN,ARI,5.0,3.0
2024-04-22,SFN,NYN,5.0,2.0
2024-04-22,PIT,MIL,4.0,2.0
2024-04-22,NYA,OAK,0.0,2.0
2024-04-22,KCA,TOR,3.0,5.0
2024-04-22,COL,SDN,1.0,3.0
2024-04-22,CIN,PHI,0.0,7.0
2024-04-22,ATL,MIA,3.0,0.0
2024-04-22,ANA,BAL,2.0,4.0
2024-04-22,MIN,CHA,7.0,0.0
2024-04-23,PIT,MIL,2.0,1.0
2024-04-23,WAS,LAN,1.0,4.0
2024-04-23,TEX,SEA,0.0,4.0
2024-04-23,TBA,DET,2.0,4.0
2024-04-23,SLN,ARI,1.0,14.0
2024-04-23,SFN,NYN,5.0,1.0
2024-04-23,NYA,OAK,4.0,3.0
2024-04-23,COL,SDN,7.0,4.0
2024-04-23,KCA,TOR,3.0,2.0
2024-04-23,CLE,BOS,4.0,1.0
2024-04-23,CIN,PHI,8.0,1.0
2024-04-23,CHN,HOU,7.0,2.0
2024-04-23,ATL,MIA,5.0,0.0
2024-04-23,ANA,BAL,7.0,4.0
2024-04-23,MIN,CHA,6.0,5.0
2024-04-24,WAS,LAN,2.0,11.0
2024-04-24,TEX,SEA,5.0,1.0
2024-04-24,SLN,ARI,5.0,1.0
2024-04-24,SFN,NYN,2.0,8.0
2024-04-24,PIT,MIL,2.0,3.0
2024-04-24,NYA,OAK,7.0,3.0
2024-04-24,MIN,CHA,6.0,3.0
2024-04-24,TBA,DET,7.0,5.0
2024-04-24,COL,SDN,2.0,5.0
2024-04-24,CLE,BOS,0.0,8.0
2024-04-24,CIN,PHI,7.0,4.0
2024-04-24,CHN,HOU,4.0,3.0
2024-04-24,ATL,MIA,4.0,3.0
2024-04-24,ANA,BAL,5.0,6.0
2024-04-24,KCA,TOR,3.0,2.0
2024-04-25,WAS,LAN,1.0,2.0
2024-04-25,TEX,SEA,3.0,4.0
2024-04-25,PIT,MIL,5.0,7.0
2024-04-25,NYA,OAK,1.0,3.0
2024-04-25,MIN,CHA,6.0,3.0
2024-04-25,KCA,TOR,2.0,1.0
2024-04-25,CLE,BOS,6.0,4.0
2024-04-25,CIN,PHI,0.0,5.0
2024-04-25,CHN,HOU,3.0,1.0
2024-04-25,COL,SDN,10.0,9.0
2024-04-26,NYN,SLN,2.0,4.0
2024-04-26,TEX,CIN,2.0,1.0
2024-04-26,TOR,LAN,2.0,12.0
2024-04-26,SFN,PIT,3.0,0.0
2024-04-26,SEA,ARI,6.0,1.0
2024-04-26,SDN,PHI,3.0,9.0
2024-04-26,MIL,NYA,7.0,6.0
2024-04-26,ATL,CLE,6.0,2.0
2024-04-26,DET,KCA,0.0,8.0
2024-04-26,CHA,TBA,9.0,4.0
2024-04-26,BOS,CHN,1.0,7.0
2024-04-26,BAL,OAK,2.0,3.0
2024-04-26,ANA,MIN,3.0,5.0
2024-04-26,MIA,WAS,1.0,3.0
2024-04-27,TOR,LAN,2.0,4.0
2024-04-27,TEX,CIN,4.0,8.0
2024-04-27,SFN,PIT,3.0,4.0
2024-04-27,SEA,ARI,3.0,1.0
2024-04-27,SDN,PHI,1.0,5.0
2024-04-27,NYN,SLN,4.0,7.0
2024-04-27,MIL,NYA,3.0,15.0
2024-04-27,MIA,WAS,4.0,11.0
2024-04-27,DET,KCA,6.0,5.0
2024-04-27,COL,HOU,4.0,12.0
2024-04-27,CHA,TBA,8.0,7.0
2024-04-27,BOS,CHN,17.0,0.0
2024-04-27,BAL,OAK,7.0,0.0
2024-04-27,ATL,CLE,2.0,4.0
2024-04-27,ANA,MIN,5.0,16.0
2024-04-28,TOR,LAN,3.0,1.0
2024-04-28,SFN,PIT,3.0,2.0
2024-04-28,SEA,ARI,2.0,3.0
2024-04-28,SDN,PHI,6.0,8.0
2024-04-28,NYN,SLN,4.0,2.0
2024-04-28,MIL,NYA,5.0,15.0
2024-04-28,MIA,WAS,9.0,12.0
2024-04-28,TEX,CIN,4.0,3.0
2024-04-28,COL,HOU,2.0,8.0
2024-04-28,CHA,TBA,4.0,2.0
2024-04-28,BOS,CHN,5.0,4.0
2024-04-28,BAL,OAK,6.0,7.0
2024-04-28,ATL,CLE,4.0,3.0
2024-04-28,ANA,MIN,5.0,11.0
2024-04-28,DET,KCA,4.0,1.0
2024-04-29,TOR,KCA,6.0,5.0
2024-04-29,SEA,ATL,2.0,1.0
2024-04-29,SDN,CIN,2.0,5.0
2024-04-29,OAK,PIT,5.0,1.0
2024-04-29,NYN,CHN,1.0,3.0
2024-04-29,MIL,TBA,0.0,1.0
2024-04-29,MIA,WAS,2.0,7.0
2024-04-29,CHA,MIN,2.0,3.0
2024-04-29,BAL,NYA,2.0,0.0
2024-04-29,ARI,LAN,4.0,8.0
2024-04-29,ANA,PHI,6.0,5.0
2024-04-30,TEX,WAS,7.0,1.0
2024-04-30,SEA,ATL,3.0,2.0
2024-04-30,TOR,KCA,1.0,4.0
2024-04-30,SDN,CIN,6.0,4.0
2024-04-30,OAK,PIT,5.0,2.0
2024-04-30,NYN,CHN,4.0,2.0
2024-04-30,MIL,TBA,8.0,2.0
2024-04-30,MIA,COL,7.0,6.0
2024-04-30,BAL,NYA,4.0,2.0
2024-04-30,DET,SLN,11.0,6.0
2024-04-30,DET,SLN,1.0,2.0
2024-04-30,CHA,MIN,5.0,6.0
2024-04-30,BOS,SFN,4.0,0.0
2024-04-30,ARI,LAN,4.0,3.0
2024-04-30,ANA,PHI,5.0,7.0
2024-04-30,HOU,CLE,10.0,9.0
2024-05-01,TOR,KCA,1.0,6.0
2024-05-01,TEX,WAS,0.0,1.0
2024-05-01,SEA,ATL,2.0,5.0
2024-05-01,SDN,CIN,6.0,2.0
2024-05-01,OAK,PIT,4.0,0.0
2024-05-01,NYN,CHN,0.0,1.0
2024-05-01,MIA,COL,4.0,1.0
2024-05-01,MIL,TBA,7.0,1.0
2024-05-01,DET,SLN,4.0,1.0
2024-05-01,CHA,MIN,5.0,10.0
2024-05-01,BOS,SFN,6.0,2.0
2024-05-01,BAL,NYA,0.0,2.0
2024-05-01,ARI,LAN,0.0,8.0
2024-05-01,ANA,PHI,1.0,2.0
2024-05-01,HOU,CLE,2.0,3.0
2024-05-02,TEX,WAS,6.0,0.0
2024-05-02,NYN,CHN,7.0,6.0
2024-05-02,MIA,COL,5.0,4.0
2024-05-02,HOU,CLE,8.0,2.0
2024-05-02,BOS,SFN,1.0,3.0
2024-05-02,BAL,NYA,7.0,2.0
2024-05-03,WAS,TOR,9.0,3.0
2024-05-03,TBA,NYN,10.0,8.0
2024-05-03,SLN,CHA,3.0,0.0
2024-05-03,PIT,COL,2.0,3.0
2024-05-03,PHI,SFN,4.0,3.0
2024-05-03,OAK,MIA,3.0,1.0
2024-05-03,NYA,DET,2.0,1.0
2024-05-03,HOU,SEA,5.0,3.0
2024-05-03,LAN,ATL,4.0,3.0
2024-05-03,KCA,TEX,7.0,1.0
2024-05-03,CLE,ANA,0.0,6.0
2024-05-03,CIN,BAL,0.0,3.0
2024-05-03,CHN,MIL,1.0,3.0
2024-05-03,ARI,SDN,1.0,7.0
2024-05-03,MIN,BOS,5.0,2.0
2024-05-04,NYA,DET,5.0,3.0
2024-05-04,WAS,TOR,3.0,6.0
2024-05-04,TBA,NYN,3.0,1.0
2024-05-04,SLN,CHA,5.0,6.0
2024-05-04,PIT,COL,1.0,0.0
2024-05-04,PHI,SFN,14.0,3.0
2024-05-04,MIN,BOS,3.0,1.0
2024-05-04,OAK,MIA,20.0,4.0
2024-05-04,KCA,TEX,4.0,15.0
2024-05-04,HOU,SEA,0.0,5.0
2024-05-04,CLE,ANA,7.0,1.0
2024-05-04,CIN,BAL,1.0,2.0
2024-05-04,CHN,MIL,6.0,5.0
2024-05-04,ARI,SDN,1.0,13.0
2024-05-04,LAN,ATL,11.0,2.0
2024-05-05,WAS,TOR,11.0,8.0
2024-05-05,TBA,NYN,7.0,6.0
2024-05-05,PIT,COL,5.0,3.0
2024-05-05,PHI,SFN,5.0,4.0
2024-05-05,OAK,MIA,3.0,12.0
2024-05-05,NYA,DET,5.0,2.0
2024-05-05,MIN,BOS,2.0,9.0
2024-05-05,SLN,CHA,1.0,5.0
2024-05-05,KCA,TEX,2.0,3.0
2024-05-05,HOU,SEA,4.0,5.0
2024-05-05,CLE,ANA,4.0,1.0
2024-05-05,CIN,BAL,1.0,11.0
2024-05-05,CHN,MIL,5.0,0.0
2024-05-05,ARI,SDN,11.0,4.0
2024-05-05,LAN,ATL,5.0,1.0
2024-05-06,TBA,CHA,8.0,2.0
2024-05-06,SLN,NYN,3.0,4.0
2024-05-06,PIT,ANA,4.0,1.0
2024-05-06,PHI,SFN,6.0,1.0
2024-05-06,OAK,TEX,2.0,4.0
2024-05-06,MIN,SEA,3.0,1.0
2024-05-06,KCA,MIL,3.0,2.0
2024-05-06,CLE,DET,2.0,1.0
2024-05-06,CHN,SDN,3.0,6.0
2024-05-06,LAN,MIA,6.0,3.0
2024-05-07,NYA,HOU,10.0,3.0
2024-05-07,TBA,CHA,5.0,1.0
2024-05-07,SLN,NYN,5.0,7.0
2024-05-07,PIT,ANA,0.0,9.0
2024-05-07,PHI,TOR,10.0,1.0
2024-05-07,WAS,BAL,3.0,0.0
2024-05-07,MIN,SEA,6.0,10.0
2024-05-07,OAK,TEX,8.0,15.0
2024-05-07,KCA,MIL,5.0,6.0
2024-05-07,COL,SFN,0.0,5.0
2024-05-07,CLE,DET,7.0,11.0
2024-05-07,CIN,ARI,2.0,6.0
2024-05-07,CHN,SDN,3.0,2.0
2024-05-07,ATL,BOS,4.0,2.0
2024-05-07,LAN,MIA,8.0,2.0
2024-05-08,WAS,BAL,6.0,7.0
2024-05-08,TBA,CHA,1.0,4.0
2024-05-08,PIT,ANA,4.0,5.0
2024-05-08,PHI,TOR,3.0,5.0
2024-05-08,OAK,TEX,9.0,4.0
2024-05-08,NYA,HOU,9.0,4.0
2024-05-08,MIN,SEA,6.0,3.0
2024-05-08,OAK,TEX,11.0,12.0
2024-05-08,KCA,MIL,6.0,4.0
2024-05-08,COL,SFN,6.0,8.0
2024-05-08,CLE,DET,5.0,4.0
2024-05-08,CIN,ARI,3.0,4.0
2024-05-08,CHN,SDN,0.0,3.0
2024-05-08,ATL,BOS,5.0,0.0
2024-05-08,LAN,MIA,3.0,1.0
2024-05-09,NYA,HOU,3.0,4.0
2024-05-09,MIN,SEA,11.0,1.0
2024-05-09,MIL,SLN,7.0,1.0
2024-05-09,COL,SFN,9.0,1.0
2024-05-09,CHA,CLE,3.0,2.0
2024-05-09,ANA,KCA,4.0,10.0
2024-05-09,CIN,ARI,4.0,5.0
2024-05-10,NYN,ATL,2.0,4.0
2024-05-10,TBA,NYA,0.0,2.0
2024-05-10,SFN,CIN,2.0,4.0
2024-05-10,SEA,OAK,8.0,1.0
2024-05-10,TOR,MIN,2.0,3.0
2024-05-10,PIT,CHN,2.0,7.0
2024-05-10,MIL,SLN,11.0,2.0
2024-05-10,SDN,LAN,2.0,1.0
2024-05-10,DET,HOU,2.0,5.0
2024-05-10,COL,TEX,4.0,2.0
2024-05-10,CHA,CLE,6.0,3.0
2024-05-10,BOS,WAS,1.0,5.0
2024-05-10,BAL,ARI,4.0,2.0
2024-05-10,ANA,KCA,1.0,2.0
2024-05-10,MIA,PHI,2.0,8.0
2024-05-11,TBA,NYA,7.0,2.0
2024-05-11,SFN,CIN,5.0,1.0
2024-05-11,SEA,OAK,1.0,8.0
2024-05-11,SDN,LAN,0.0,5.0
2024-05-11,PIT,CHN,10.0,9.0
2024-05-11,NYN,ATL,1.0,4.0
2024-05-11,MIL,SLN,5.0,3.0
2024-05-11,TOR,MIN,10.0,8.0
2024-05-11,DET,HOU,8.0,2.0
2024-05-11,COL,TEX,8.0,3.0
2024-05-11,CHA,CLE,3.0,1.0
2024-05-11,BOS,WAS,4.0,2.0
2024-05-11,BAL,ARI,5.0,4.0
2024-05-11,ANA,KCA,9.0,3.0
2024-05-11,MIA,PHI,3.0,8.0
2024-05-12,TOR,MIN,1.0,5.0
2024-05-12,TBA,NYA,6.0,10.0
2024-05-12,SFN,CIN,6.0,5.0
2024-05-12,SEA,OAK,8.0,4.0
2024-05-12,SDN,LAN,4.0,0.0
2024-05-12,PIT,CHN,4.0,5.0
2024-05-12,NYN,ATL,4.0,3.0
2024-05-12,MIA,PHI,7.0,6.0
2024-05-12,DET,HOU,3.0,9.0
2024-05-12,COL,TEX,3.0,1.0
2024-05-12,CHA,CLE,0.0,7.0
2024-05-12,BOS,WAS,3.0,2.0
2024-05-12,BAL,ARI,2.0,9.0
2024-05-12,ANA,KCA,2.0,4.0
2024-05-12,MIL,SLN,3.0,4.0
2024-05-13,MIL,PIT,6.0,8.0
2024-05-13,TEX,CLE,0.0,7.0
2024-05-13,SFN,LAN,4.0,6.0
2024-05-13,SEA,KCA,6.0,2.0
2024-05-13,NYN,PHI,4.0,5.0
2024-05-13,HOU,OAK,9.0,2.0
2024-05-13,SDN,COL,4.0,5.0
2024-05-13,BOS,TBA,3.0,5.0
2024-05-13,BAL,TOR,2.0,3.0
2024-05-13,DET,MIA,6.0,5.0
2024-05-13,ATL,CHN,2.0,0.0
2024-05-13,ARI,CIN,6.0,5.0
2024-05-13,ANA,SLN,5.0,10.0
2024-05-14,TEX,CLE,4.0,7.0
2024-05-14,SEA,KCA,2.0,4.0
2024-05-14,SDN,COL,3.0,6.0
2024-05-14,NYN,PHI,0.0,4.0
2024-05-14,MIN,NYA,1.0,5.0
2024-05-14,MIL,PIT,4.0,3.0
2024-05-14,HOU,OAK,2.0,1.0
2024-05-14,SFN,LAN,2.0,10.0
2024-05-14,CHA,WAS,4.0,0.0
2024-05-14,CHA,WAS,3.0,6.0
2024-05-14,BOS,TBA,5.0,4.0
2024-05-14,ATL,CHN,7.0,0.0
2024-05-14,ARI,CIN,2.0,6.0
2024-05-14,ANA,SLN,6.0,7.0
2024-05-14,DET,MIA,0.0,1.0
2024-05-15,TEX,CLE,4.0,0.0
2024-05-15,SFN,LAN,4.0,1.0
2024-05-15,SEA,KCA,4.0,2.0
2024-05-15,SDN,COL,0.0,8.0
2024-05-15,PHI,NYN,10.0,5.0
2024-05-15,MIN,NYA,0.0,4.0
2024-05-15,MIL,PIT,10.0,2.0
2024-05-15,CHA,WAS,2.0,0.0
2024-05-15,DET,MIA,0.0,2.0
2024-05-15,BOS,TBA,3.0,4.0
2024-05-15,BAL,TOR,3.0,2.0
2024-05-15,ATL,CHN,1.0,7.0
2024-05-15,ARI,CIN,2.0,1.0
2024-05-15,ANA,SLN,7.0,2.0
2024-05-15,HOU,OAK,3.0,0.0
2024-05-16,MIN,NYA,0.0,5.0
2024-05-16,PHI,NYN,5.0,6.0
2024-05-16,LAN,CIN,2.0,7.0
2024-05-16,HOU,OAK,8.0,1.0
2024-05-16,CHN,PIT,4.0,5.0
2024-05-16,BOS,TBA,5.0,7.0
2024-05-17,TOR,TBA,3.0,4.0
2024-05-17,TEX,ANA,3.0,9.0
2024-05-17,SLN,BOS,10.0,6.0
2024-05-17,SFN,COL,10.0,5.0
2024-05-17,PHI,WAS,4.0,2.0
2024-05-17,MIA,NYN,8.0,0.0
2024-05-17,LAN,CIN,7.0,3.0
2024-05-17,NYA,CHA,4.0,2.0
2024-05-17,HOU,MIL,5.0,4.0
2024-05-17,CLE,MIN,3.0,2.0
2024-05-17,CHN,PIT,3.0,9.0
2024-05-17,BAL,SEA,9.0,2.0
2024-05-17,ATL,SDN,1.0,3.0
2024-05-17,ARI,DET,0.0,13.0
2024-05-17,KCA,OAK,6.0,2.0
2024-05-18,NYA,CHA,6.0,1.0
2024-05-18,TOR,TBA,4.0,5.0
2024-05-18,TEX,ANA,3.0,2.0
2024-05-18,SLN,BOS,7.0,2.0
2024-05-18,SFN,COL,14.0,4.0
2024-05-18,PHI,WAS,4.0,3.0
2024-05-18,MIA,NYN,10.0,9.0
2024-05-18,BAL,SEA,3.0,4.0
2024-05-18,KCA,OAK,5.0,3.0
2024-05-18,HOU,MIL,2.0,4.0
2024-05-18,CLE,MIN,11.0,4.0
2024-05-18,CHN,PIT,1.0,0.0
2024-05-18,ARI,DET,3.0,8.0
2024-05-18,LAN,CIN,4.0,0.0
2024-05-19,NYA,CHA,7.0,2.0
2024-05-19,TOR,TBA,5.0,2.0
2024-05-19,TEX,ANA,1.0,4.0
2024-05-19,SLN,BOS,3.0,11.0
2024-05-19,SFN,COL,4.0,1.0
2024-05-19,PHI,WAS,11.0,5.0
2024-05-19,MIA,NYN,3.0,7.0
2024-05-19,LAN,CIN,3.0,2.0
2024-05-19,KCA,OAK,8.0,4.0
2024-05-19,HOU,MIL,9.0,4.0
2024-05-19,CLE,MIN,5.0,2.0
2024-05-19,CHN,PIT,2.0,3.0
2024-05-19,BAL,SEA,6.0,3.0
2024-05-19,ATL,SDN,1.0,9.0
2024-05-19,ARI,DET,6.0,4.0
2024-05-20,WAS,MIN,12.0,3.0
2024-05-20,TOR,CHA,9.0,3.0
2024-05-20,TBA,BOS,0.0,5.0
2024-05-20,SLN,BAL,6.0,3.0
2024-05-20,NYA,SEA,4.0,5.0
2024-05-20,MIA,MIL,3.0,2.0
2024-05-20,LAN,ARI,6.0,4.0
2024-05-20,KCA,DET,8.0,3.0
2024-05-20,HOU,ANA,7.0,9.0
2024-05-20,CLE,NYN,3.0,1.0
2024-05-20,ATL,SDN,3.0,0.0
2024-05-20,ATL,SDN,5.0,6.0
2024-05-21,WAS,MIN,0.0,10.0
2024-05-21,TOR,CHA,0.0,5.0
2024-05-21,TBA,BOS,2.0,5.0
2024-05-21,SLN,BAL,3.0,1.0
2024-05-21,PIT,SFN,7.0,6.0
2024-05-21,PHI,TEX,5.0,2.0
2024-05-21,OAK,COL,5.0,4.0
2024-05-21,CIN,SDN,2.0,0.0
2024-05-21,MIA,MIL,5.0,7.0
2024-05-21,LAN,ARI,3.0,7.0
2024-05-21,KCA,DET,10.0,3.0
2024-05-21,HOU,ANA,6.0,5.0
2024-05-21,CLE,NYN,7.0,6.0
2024-05-21,CHN,ATL,4.0,3.0
2024-05-21,NYA,SEA,3.0,6.0
2024-05-22,PHI,TEX,11.0,4.0
2024-05-22,WAS,MIN,2.0,3.0
2024-05-22,TOR,CHA,9.0,2.0
2024-05-22,TBA,BOS,5.0,8.0
2024-05-22,SLN,BAL,5.0,4.0
2024-05-22,PIT,SFN,5.0,9.0
2024-05-22,OAK,COL,3.0,4.0
2024-05-22,KCA,DET,8.0,3.0
2024-05-22,MIA,MIL,1.0,0.0
2024-05-22,LAN,ARI,0.0,6.0
2024-05-22,NYA,SEA,7.0,3.0
2024-05-22,HOU,ANA,1.0,2.0
2024-05-22,CLE,NYN,6.0,3.0
2024-05-22,CIN,SDN,3.0,7.0
2024-05-22,CHN,ATL,2.0,9.0
2024-05-23,PIT,SFN,6.0,7.0
2024-05-23,PHI,TEX,5.0,2.0
2024-05-23,OAK,COL,10.0,9.0
2024-05-23,NYA,SEA,5.0,0.0
2024-05-23,DET,TOR,1.0,9.0
2024-05-23,CIN,SDN,4.0,6.0
2024-05-23,CHN,ATL,0.0,3.0
2024-05-23,CHA,BAL,6.0,8.0
2024-05-24,TBA,KCA,1.0,8.0
2024-05-24,SDN,NYA,0.0,8.0
2024-05-24,WAS,SEA,6.0,1.0
2024-05-24,PIT,ATL,11.0,5.0
2024-05-24,OAK,HOU,3.0,6.0
2024-05-24,NYN,SFN,7.0,8.0
2024-05-24,MIN,TEX,3.0,2.0
2024-05-24,BOS,MIL,2.0,7.0
2024-05-24,COL,PHI,3.0,2.0
2024-05-24,CIN,LAN,9.0,6.0
2024-05-24,CHA,BAL,4.0,6.0
2024-05-24,ARI,MIA,0.0,3.0
2024-05-24,ANA,CLE,4.0,10.0
2024-05-24,DET,TOR,6.0,2.0
2024-05-25,OAK,HOU,3.0,1.0
2024-05-25,WAS,SEA,3.0,1.0
2024-05-25,TBA,KCA,4.0,7.0
2024-05-25,SLN,CHN,7.0,6.0
2024-05-25,SDN,NYA,1.0,4.0
2024-05-25,PIT,ATL,4.0,1.0
2024-05-25,NYN,SFN,2.0,7.0
2024-05-25,ARI,MIA,3.0,2.0
2024-05-25,DET,TOR,2.0,1.0
2024-05-25,COL,PHI,4.0,8.0
2024-05-25,CIN,LAN,3.0,1.0
2024-05-25,CHA,BAL,3.0,5.0
2024-05-25,BOS,MIL,3.0,6.0
2024-05-25,MIN,TEX,5.0,3.0
2024-05-25,ANA,CLE,3.0,4.0
2024-05-26,WAS,SEA,5.0,9.0
2024-05-26,TBA,KCA,4.0,1.0
2024-05-26,SDN,NYA,5.0,2.0
2024-05-26,PIT,ATL,1.0,8.0
2024-05-26,OAK,HOU,2.0,5.0
2024-05-26,NYN,SFN,4.0,3.0
2024-05-26,MIN,TEX,2.0,6.0
2024-05-26,SLN,CHN,4.0,3.0
2024-05-26,COL,PHI,5.0,2.0
2024-05-26,CIN,LAN,4.0,1.0
2024-05-26,CHA,BAL,1.0,4.0
2024-05-26,BOS,MIL,2.0,1.0
2024-05-26,ARI,MIA,1.0,3.0
2024-05-26,ANA,CLE,4.0,5.0
2024-05-26,DET,TOR,14.0,11.0
2024-05-27,SFN,PHI,8.0,4.0
2024-05-27,SEA,HOU,3.0,2.0
2024-05-27,SDN,MIA,2.0,1.0
2024-05-27,MIN,KCA,6.0,5.0
2024-05-27,MIL,CHN,5.0,1.0
2024-05-27,COL,CLE,8.0,6.0
2024-05-27,CHA,TOR,1.0,5.0
2024-05-27,BAL,BOS,11.0,3.0
2024-05-27,ATL,WAS,4.0,8.0
2024-05-27,CIN,SLN,3.0,1.0
2024-05-28,NYN,LAN,0.0,3.0
2024-05-28,TEX,ARI,4.0,2.0
2024-05-28,TBA,OAK,0.0,3.0
2024-05-28,SFN,PHI,1.0,0.0
2024-05-28,SEA,HOU,4.0,2.0
2024-05-28,SDN,MIA,4.0,0.0
2024-05-28,NYN,LAN,2.0,5.0
2024-05-28,MIL,CHN,3.0,6.0
2024-05-28,COL,CLE,7.0,13.0
2024-05-28,CIN,SLN,1.0,7.0
2024-05-28,CHA,TOR,2.0,7.0
2024-05-28,BAL,BOS,3.0,8.0
2024-05-28,ATL,WAS,2.0,0.0
2024-05-28,ANA,NYA,4.0,3.0
2024-05-28,MIN,KCA,4.0,2.0
2024-05-29,SDN,MIA,1.0,9.0
2024-05-29,TEX,ARI,6.0,1.0
2024-05-29,TBA,OAK,4.0,3.0
2024-05-29,SFN,PHI,1.0,6.0
2024-05-29,SEA,HOU,2.0,1.0
2024-05-29,NYN,LAN,3.0,10.0
2024-05-29,MIL,CHN,10.0,6.0
2024-05-29,MIN,KCA,1.0,6.0
2024-05-29,DET,PIT,8.0,0.0
2024-05-29,COL,CLE,7.0,4.0
2024-05-29,CIN,SLN,3.0,5.0
2024-05-29,CHA,TOR,1.0,3.0
2024-05-29,BAL,BOS,6.0,1.0
2024-05-29,ATL,WAS,2.0,7.0
2024-05-29,ANA,NYA,1.0,2.0
2024-05-29,DET,PIT,2.0,10.0
2024-05-30,TBA,OAK,6.0,5.0
2024-05-30,SEA,HOU,0.0,4.0
2024-05-30,NYN,ARI,3.0,2.0
2024-05-30,MIN,KCA,7.0,6.0
2024-05-30,ANA,NYA,3.0,8.0
2024-05-30,BOS,DET,0.0,5.0
2024-05-30,ATL,WAS,1.0,3.0
2024-05-30,MIL,CHN,6.0,4.0
2024-05-31,NYN,ARI,10.0,9.0
2024-05-31,PHI,SLN,4.0,2.0
2024-05-31,MIL,CHA,12.0,5.0
2024-05-31,TOR,PIT,5.0,3.0
2024-05-31,SFN,NYA,2.0,6.0
2024-05-31,SEA,ANA,5.0,4.0
2024-05-31,MIA,TEX,8.0,2.0
2024-05-31,BAL,TBA,3.0,1.0
2024-05-31,KCA,SDN,8.0,11.0
2024-05-31,HOU,MIN,1.0,6.0
2024-05-31,CLE,WAS,7.0,1.0
2024-05-31,CHN,CIN,4.0,5.0
2024-05-31,BOS,DET,7.0,3.0
2024-05-31,ATL,OAK,4.0,2.0
2024-05-31,LAN,COL,1.0,4.0
2024-06-01,TOR,PIT,1.0,8.0
2024-06-01,SFN,NYA,3.0,7.0
2024-06-01,SEA,ANA,9.0,0.0
2024-06-01,PHI,SLN,6.0,1.0
2024-06-01,NYN,ARI,5.0,10.0
2024-06-01,MIL,CHA,4.0,3.0
2024-06-01,MIA,TEX,0.0,7.0
2024-06-01,LAN,COL,4.0,1.0
2024-06-01,KCA,SDN,3.0,7.0
2024-06-01,HOU,MIN,5.0,2.0
2024-06-01,CLE,WAS,3.0,2.0
2024-06-01,CHN,CIN,7.0,5.0
2024-06-01,BOS,DET,6.0,3.0
2024-06-01,BAL,TBA,9.0,5.0
2024-06-01,ATL,OAK,9.0,11.0
2024-06-02,SFN,NYA,5.0,7.0
2024-06-02,SEA,ANA,5.0,1.0
2024-06-02,PHI,SLN,4.0,5.0
2024-06-02,TOR,PIT,5.0,4.0
2024-06-02,MIL,CHA,6.0,3.0
2024-06-02,MIA,TEX,0.0,6.0
2024-06-02,LAN,COL,4.0,0.0
2024-06-02,NYN,ARI,4.0,5.0
2024-06-02,HOU,MIN,3.0,4.0
2024-06-02,CLE,WAS,2.0,5.0
2024-06-02,CHN,CIN,2.0,5.0
2024-06-02,BOS,DET,4.0,8.0
2024-06-02,BAL,TBA,3.0,4.0
2024-06-02,ATL,OAK,3.0,1.0
2024-06-02,KCA,SDN,4.0,3.0
2024-06-03,WAS,NYN,7.0,8.0
2024-06-03,TOR,BAL,2.0,7.0
2024-06-03,TEX,DET,1.0,2.0
2024-06-03,PHI,MIL,3.0,1.0
2024-06-03,HOU,SLN,7.0,4.0
2024-06-03,COL,CIN,3.0,13.0
2024-06-03,ARI,SFN,4.0,2.0
2024-06-03,ANA,SDN,2.0,1.0
2024-06-04,TOR,BAL,1.0,10.0
2024-06-04,TEX,DET,1.0,3.0
2024-06-04,WAS,NYN,3.0,6.0
2024-06-04,PIT,LAN,1.0,0.0
2024-06-04,PHI,MIL,2.0,1.0
2024-06-04,OAK,SEA,3.0,4.0
2024-06-04,NYA,MIN,5.0,1.0
2024-06-04,BOS,ATL,3.0,8.0
2024-06-04,HOU,SLN,8.0,5.0
2024-06-04,COL,CIN,1.0,4.0
2024-06-04,CLE,KCA,8.0,5.0
2024-06-04,CHN,CHA,7.0,6.0
2024-06-04,ARI,SFN,8.0,5.0
2024-06-04,ANA,SDN,4.0,2.0
2024-06-04,MIA,TBA,5.0,9.0
2024-06-05,OAK,SEA,2.0,1.0
2024-06-05,TOR,BAL,3.0,2.0
2024-06-05,TEX,DET,9.0,1.0
2024-06-05,PIT,LAN,10.0,6.0
2024-06-05,PHI,MIL,2.0,0.0
2024-06-05,NYA,MIN,9.0,5.0
2024-06-05,WAS,NYN,1.0,9.0
2024-06-05,HOU,SLN,2.0,4.0
2024-06-05,ANA,SDN,3.0,2.0
2024-06-05,ARI,SFN,3.0,9.0
2024-06-05,MIA,TBA,3.0,5.0
2024-06-05,CHN,CHA,7.0,6.0
2024-06-05,COL,CIN,7.0,12.0
2024-06-05,BOS,ATL,9.0,0.0
2024-06-06,WAS,ATL,2.0,5.0
2024-06-06,TOR,BAL,6.0,5.0
2024-06-06,SLN,COL,2.0,3.0
2024-06-06,PIT,LAN,7.0,11.0
2024-06-06,SDN,ARI,3.0,4.0
2024-06-06,NYA,MIN,8.0,5.0
2024-06-06,CLE,KCA,3.0,4.0
2024-06-06,CIN,CHN,8.0,4.0
2024-06-06,CHA,BOS,2.0,14.0
2024-06-06,OAK,SEA,0.0,3.0
2024-06-07,PIT,MIN,3.0,0.0
2024-06-07,WAS,ATL,2.0,1.0
2024-06-07,TEX,SFN,2.0,5.0
2024-06-07,TBA,BAL,3.0,6.0
2024-06-07,SLN,COL,8.0,5.0
2024-06-07,SDN,ARI,10.0,3.0
2024-06-07,OAK,TOR,2.0,1.0
2024-06-07,DET,MIL,0.0,10.0
2024-06-07,MIA,CLE,3.0,2.0
2024-06-07,KCA,SEA,10.0,9.0
2024-06-07,CIN,CHN,3.0,2.0
2024-06-07,CHA,BOS,7.0,2.0
2024-06-07,ANA,HOU,1.0,7.0
2024-06-07,NYA,LAN,1.0,2.0
2024-06-08,PIT,MIN,4.0,0.0
2024-06-08,WAS,ATL,7.0,3.0
2024-06-08,TEX,SFN,1.0,3.0
2024-06-08,TBA,BAL,0.0,5.0
2024-06-08,SLN,COL,5.0,6.0
2024-06-08,SDN,ARI,13.0,1.0
2024-06-08,OAK,TOR,0.0,7.0
2024-06-08,NYN,PHI,2.0,7.0
2024-06-08,NYA,LAN,3.0,11.0
2024-06-08,MIA,CLE,0.0,8.0
2024-06-08,KCA,SEA,8.0,4.0
2024-06-08,DET,MIL,4.0,5.0
2024-06-08,CIN,CHN,4.0,3.0
2024-06-08,CHA,BOS,6.0,1.0
2024-06-08,ANA,HOU,1.0,6.0
2024-06-09,WAS,ATL,8.0,5.0
2024-06-09,TEX,SFN,7.0,2.0
2024-06-09,TBA,BAL,2.0,9.0
2024-06-09,SLN,COL,5.0,1.0
2024-06-09,PIT,MIN,5.0,11.0
2024-06-09,PHI,NYN,5.0,6.0
2024-06-09,OAK,TOR,4.0,6.0
2024-06-09,SDN,ARI,3.0,9.0
2024-06-09,MIA,CLE,3.0,6.0
2024-06-09,KCA,SEA,5.0,6.0
2024-06-09,DET,MIL,10.0,2.0
2024-06-09,CIN,CHN,2.0,4.0
2024-06-09,CHA,BOS,4.0,6.0
2024-06-09,ANA,HOU,9.0,7.0
2024-06-09,NYA,LAN,6.0,4.0
2024-06-10,TBA,BAL,2.0,5.0
2024-06-10,SFN,HOU,4.0,3.0
2024-06-10,SEA,CHA,8.0,4.0
2024-06-10,MIN,COL,5.0,0.0
2024-06-10,MIL,TOR,3.0,1.0
2024-06-10,KCA,NYA,2.0,4.0
2024-06-10,SDN,OAK,6.0,1.0
2024-06-11,MIN,COL,4.0,5.0
2024-06-11,SLN,PIT,1.0,2.0
2024-06-11,TBA,CHN,5.0,2.0
2024-06-11,SEA,CHA,4.0,3.0
2024-06-11,NYN,MIA,2.0,4.0
2024-06-11,MIL,TOR,0.0,3.0
2024-06-11,SFN,HOU,1.0,3.0
2024-06-11,KCA,NYA,1.0,10.0
2024-06-11,LAN,TEX,15.0,2.0
2024-06-11,ARI,ANA,9.0,4.0
2024-06-11,BAL,ATL,4.0,0.0
2024-06-11,SDN,OAK,4.0,3.0
2024-06-11,DET,WAS,4.0,5.0
2024-06-11,CIN,CLE,3.0,5.0
2024-06-11,BOS,PHI,1.0,4.0
2024-06-12,SLN,PIT,4.0,2.0
2024-06-12,SFN,HOU,5.0,3.0
2024-06-12,SEA,CHA,2.0,1.0
2024-06-12,SDN,OAK,5.0,4.0
2024-06-12,NYN,MIA,10.0,4.0
2024-06-12,MIN,COL,17.0,9.0
2024-06-12,MIL,TOR,5.0,4.0
2024-06-12,TBA,CHN,3.0,4.0
2024-06-12,KCA,NYA,5.0,11.0
2024-06-12,DET,WAS,5.0,7.0
2024-06-12,CIN,CLE,4.0,2.0
2024-06-12,BOS,PHI,8.0,6.0
2024-06-12,BAL,ATL,4.0,2.0
2024-06-12,ARI,ANA,3.0,8.0
2024-06-12,LAN,TEX,2.0,3.0
2024-06-13,TBA,CHN,3.0,2.0
2024-06-13,SLN,PIT,4.0,3.0
2024-06-13,SEA,CHA,2.0,3.0
2024-06-13,NYN,MIA,3.0,2.0
2024-06-13,MIN,OAK,6.0,2.0
2024-06-13,LAN,TEX,1.0,3.0
2024-06-13,DET,WAS,7.0,2.0
2024-06-13,BOS,PHI,9.0,3.0
2024-06-13,BAL,ATL,3.0,6.0
2024-06-13,ARI,ANA,11.0,1.0
2024-06-13,KCA,NYA,4.0,3.0
2024-06-14,MIL,CIN,5.0,6.0
2024-06-14,TOR,CLE,1.0,3.0
2024-06-14,SFN,ANA,6.0,8.0
2024-06-14,SEA,TEX,3.0,2.0
2024-06-14,NYN,SDN,2.0,1.0
2024-06-14,WAS,MIA,8.0,1.0
2024-06-14,MIN,OAK,6.0,5.0
2024-06-14,LAN,KCA,4.0,3.0
2024-06-14,COL,PIT,2.0,5.0
2024-06-14,CHN,SLN,0.0,3.0
2024-06-14,BOS,NYA,1.0,8.0
2024-06-14,BAL,PHI,3.0,5.0
2024-06-14,ATL,TBA,7.0,3.0
2024-06-14,ARI,CHA,7.0,1.0
2024-06-14,HOU,DET,4.0,0.0
2024-06-15,TOR,CLE,5.0,0.0
2024-06-15,SFN,ANA,3.0,4.0
2024-06-15,SEA,TEX,7.0,5.0
2024-06-15,NYN,SDN,5.0,1.0
2024-06-15,MIL,CIN,3.0,1.0
2024-06-15,LAN,KCA,2.0,7.0
2024-06-15,WAS,MIA,4.0,0.0
2024-06-15,COL,PIT,16.0,4.0
2024-06-15,CHN,SLN,5.0,1.0
2024-06-15,BOS,NYA,8.0,4.0
2024-06-15,BAL,PHI,6.0,2.0
2024-06-15,ATL,TBA,9.0,2.0
2024-06-15,ARI,CHA,2.0,9.0
2024-06-15,HOU,DET,5.0,13.0
2024-06-16,WAS,MIA,3.0,1.0
2024-06-16,TOR,CLE,7.0,6.0
2024-06-16,SFN,ANA,13.0,6.0
2024-06-16,SEA,TEX,5.0,0.0
2024-06-16,NYN,SDN,11.0,6.0
2024-06-16,MIN,OAK,8.0,7.0
2024-06-16,MIN,OAK,6.0,2.0
2024-06-16,MIL,CIN,5.0,4.0
2024-06-16,HOU,DET,4.0,1.0
2024-06-16,COL,PIT,2.0,8.0
2024-06-16,CHN,SLN,1.0,2.0
2024-06-16,BOS,NYA,9.0,3.0
2024-06-16,BAL,PHI,8.0,3.0
2024-06-16,ATL,TBA,6.0,8.0
2024-06-16,ARI,CHA,12.0,5.0
2024-06-16,LAN,KCA,3.0,0.0
2024-06-17,TOR,BOS,3.0,7.0
2024-06-17,TEX,NYN,2.0,14.0
2024-06-17,PIT,CIN,4.0,1.0
2024-06-17,PHI,SDN,9.0,2.0
2024-06-17,MIA,SLN,6.0,7.0
2024-06-17,CHN,SFN,6.0,7.0
2024-06-17,ANA,MIL,5.0,3.0
2024-06-17,COL,LAN,5.0,9.0
2024-06-17,ATL,DET,2.0,1.0
2024-06-18,WAS,ARI,0.0,5.0
2024-06-18,TOR,BOS,3.0,4.0
2024-06-18,TEX,NYN,6.0,7.0
2024-06-18,PIT,CIN,1.0,2.0
2024-06-18,OAK,KCA,7.0,5.0
2024-06-18,NYA,BAL,4.0,2.0
2024-06-18,MIN,TBA,7.0,6.0
2024-06-18,PHI,SDN,4.0,3.0
2024-06-18,COL,LAN,9.0,11.0
2024-06-18,CLE,SEA,5.0,8.0
2024-06-18,CHN,SFN,5.0,2.0
2024-06-18,CHA,HOU,2.0,0.0
2024-06-18,ATL,DET,2.0,1.0
2024-06-18,ANA,MIL,3.0,6.0
2024-06-18,MIA,SLN,9.0,8.0
2024-06-19,NYA,BAL,6.0,7.0
2024-06-19,TOR,BOS,3.0,7.0
2024-06-19,TEX,NYN,5.0,3.0
2024-06-19,PIT,CIN,1.0,0.0
2024-06-19,PHI,SDN,2.0,5.0
2024-06-19,OAK,KCA,5.0,1.0
2024-06-19,MIN,TBA,2.0,3.0
2024-06-19,ATL,DET,7.0,0.0
2024-06-19,COL,LAN,7.0,6.0
2024-06-19,CLE,SEA,8.0,0.0
2024-06-19,CHN,SFN,6.0,5.0
2024-06-19,CHA,HOU,1.0,4.0
2024-06-19,ANA,MIL,0.0,2.0
2024-06-19,WAS,ARI,3.0,1.0
2024-06-19,MIA,SLN,4.0,3.0
2024-06-20,SLN,SFN,6.0,5.0
2024-06-20,SDN,MIL,7.0,6.0
2024-06-20,WAS,ARI,2.0,5.0
2024-06-20,OAK,KCA,2.0,3.0
2024-06-20,NYA,BAL,5.0,17.0
2024-06-20,MIN,TBA,6.0,7.0
2024-06-20,COL,LAN,3.0,5.0
2024-06-20,CLE,SEA,6.0,3.0
2024-06-20,CHA,HOU,3.0,5.0
2024-06-21,TEX,KCA,6.0,2.0
2024-06-21,SDN,MIL,9.0,5.0
2024-06-21,PIT,TBA,3.0,10.0
2024-06-21,PHI,ARI,4.0,5.0
2024-06-21,OAK,MIN,6.0,5.0
2024-06-21,MIA,SEA,3.0,2.0
2024-06-21,NYA,ATL,1.0,8.0
2024-06-21,HOU,BAL,14.0,11.0
2024-06-21,DET,CHA,2.0,1.0
2024-06-21,COL,WAS,5.0,11.0
2024-06-21,CLE,TOR,7.0,1.0
2024-06-21,CIN,BOS,5.0,2.0
2024-06-21,CHN,NYN,1.0,11.0
2024-06-21,LAN,ANA,2.0,3.0
2024-06-22,OAK,MIN,2.0,10.0
2024-06-22,TEX,KCA,6.0,0.0
2024-06-22,SLN,SFN,9.0,4.0
2024-06-22,SDN,MIL,6.0,4.0
2024-06-22,PIT,TBA,4.0,3.0
2024-06-22,PHI,ARI,12.0,1.0
2024-06-22,NYA,ATL,8.0,3.0
2024-06-22,CIN,BOS,3.0,4.0
2024-06-22,LAN,ANA,7.0,2.0
2024-06-22,HOU,BAL,5.0,1.0
2024-06-22,DET,CHA,1.0,5.0
2024-06-22,COL,WAS,8.0,7.0
2024-06-22,CLE,TOR,6.0,3.0
2024-06-22,CHN,NYN,8.0,1.0
2024-06-22,MIA,SEA,0.0,9.0
2024-06-23,OAK,MIN,0.0,3.0
2024-06-23,SLN,SFN,5.0,3.0
2024-06-23,SDN,MIL,2.0,6.0
2024-06-23,PIT,TBA,1.0,3.0
2024-06-23,PHI,ARI,4.0,1.0
2024-06-23,TEX,KCA,4.0,0.0
2024-06-23,NYA,ATL,1.0,3.0
2024-06-23,HOU,BAL,8.0,1.0
2024-06-23,DET,CHA,11.0,2.0
2024-06-23,COL,WAS,1.0,2.0
2024-06-23,CLE,TOR,6.0,5.0
2024-06-23,CIN,BOS,4.0,7.0
2024-06-23,CHN,NYN,2.0,5.0
2024-06-23,MIA,SEA,6.0,4.0
2024-06-24,TBA,SEA,4.0,3.0
2024-06-24,SLN,ATL,4.0,3.0
2024-06-24,SFN,CHN,5.0,4.0
2024-06-24,SDN,WAS,7.0,6.0
2024-06-24,MIL,TEX,6.0,3.0
2024-06-24,KCA,MIA,4.0,1.0
2024-06-24,DET,PHI,1.0,8.0
2024-06-24,CIN,PIT,11.0,5.0
2024-06-24,CHA,LAN,0.0,3.0
2024-06-24,BOS,TOR,7.0,6.0
2024-06-24,BAL,CLE,2.0,3.0
2024-06-24,ANA,OAK,5.0,1.0
2024-06-25,SFN,CHN,5.0,1.0
2024-06-25,TBA,SEA,11.0,3.0
2024-06-25,SDN,WAS,9.0,7.0
2024-06-25,NYN,NYA,9.0,7.0
2024-06-25,MIL,TEX,3.0,1.0
2024-06-25,KCA,MIA,1.0,2.0
2024-06-25,HOU,COL,5.0,2.0
2024-06-25,ARI,MIN,5.0,4.0
2024-06-25,CIN,PIT,5.0,9.0
2024-06-25,CHA,LAN,3.0,4.0
2024-06-25,BOS,TOR,4.0,9.0
2024-06-25,BAL,CLE,8.0,10.0
2024-06-25,ANA,OAK,7.0,5.0
2024-06-25,DET,PHI,4.0,1.0
2024-06-26,TBA,SEA,2.0,5.0
2024-06-26,SLN,ATL,4.0,1.0
2024-06-26,SLN,ATL,2.0,6.0
2024-06-26,SFN,CHN,4.0,3.0
2024-06-26,SDN,WAS,8.0,5.0
2024-06-26,NYN,NYA,12.0,2.0
2024-06-26,MIL,TEX,6.0,5.0
2024-06-26,KCA,MIA,5.0,1.0
2024-06-26,DET,PHI,2.0,6.0
2024-06-26,CIN,PIT,1.0,6.0
2024-06-26,CHA,LAN,0.0,4.0
2024-06-26,BOS,TOR,1.0,4.0
2024-06-26,BAL,CLE,4.0,2.0
2024-06-26,ARI,MIN,3.0,8.0
2024-06-26,ANA,OAK,5.0,2.0
2024-06-26,HOU,COL,7.0,1.0
2024-06-27,TOR,NYA,9.0,2.0
2024-06-27,SLN,CIN,4.0,11.0
2024-06-27,SFN,CHN,3.0,5.0
2024-06-27,PHI,MIA,4.0,7.0
2024-06-27,KCA,CLE,2.0,1.0
2024-06-27,CHA,ATL,1.0,0.0
2024-06-27,BAL,TEX,11.0,2.0
2024-06-27,ARI,MIN,6.0,13.0
2024-06-27,ANA,DET,5.0,0.0
2024-06-28,TBA,WAS,3.0,1.0
2024-06-28,SLN,CIN,1.0,0.0
2024-06-28,TOR,NYA,5.0,16.0
2024-06-28,SFN,LAN,5.0,3.0
2024-06-28,SEA,MIN,3.0,2.0
2024-06-28,PHI,MIA,2.0,0.0
2024-06-28,NYN,HOU,7.0,2.0
2024-06-28,ATL,PIT,6.0,1.0
2024-06-28,KCA,CLE,10.0,3.0
2024-06-28,CHA,COL,5.0,3.0
2024-06-28,BOS,SDN,2.0,9.0
2024-06-28,BAL,TEX,2.0,1.0
2024-06-28,ARI,OAK,4.0,9.0
2024-06-28,ANA,DET,5.0,2.0
2024-06-28,MIL,CHN,4.0,2.0
2024-06-29,PHI,MIA,2.0,3.0
2024-06-29,TOR,NYA,9.0,3.0
2024-06-29,TBA,WAS,1.0,8.0
2024-06-29,SLN,CIN,4.0,9.0
2024-06-29,SFN,LAN,7.0,14.0
2024-06-29,SEA,MIN,1.0,5.0
2024-06-29,NYN,HOU,6.0,9.0
2024-06-29,BOS,SDN,1.0,11.0
2024-06-29,KCA,CLE,2.0,7.0
2024-06-29,CHA,COL,11.0,3.0
2024-06-29,MIL,CHN,3.0,5.0
2024-06-29,BAL,TEX,6.0,5.0
2024-06-29,ATL,PIT,2.0,1.0
2024-06-29,ARI,OAK,3.0,0.0
2024-06-29,ANA,DET,6.0,5.0
2024-06-30,TOR,NYA,1.0,8.0
2024-06-30,TBA,WAS,5.0,0.0
2024-06-30,SLN,CIN,2.0,0.0
2024-06-30,SFN,LAN,10.0,4.0
2024-06-30,SEA,MIN,3.0,5.0
2024-06-30,PHI,MIA,7.0,6.0
2024-06-30,MIL,CHN,7.0,1.0
2024-06-30,NYN,HOU,5.0,10.0
2024-06-30,CHA,COL,4.0,5.0
2024-06-30,BOS,SDN,4.0,1.0
2024-06-30,BAL,TEX,2.0,11.0
2024-06-30,ATL,PIT,2.0,4.0
2024-06-30,ARI,OAK,5.0,1.0
2024-06-30,ANA,DET,6.0,7.0
2024-06-30,KCA,CLE,6.0,2.0
2024-07-01,TOR,HOU,1.0,3.0
2024-07-01,COL,MIL,8.0,7.0
2024-07-01,WAS,NYN,7.0,9.0
2024-07-02,OAK,ANA,7.0,5.0
2024-07-02,PIT,SLN,4.0,7.0
2024-07-02,NYA,CIN,4.0,5.0
2024-07-02,TEX,SDN,7.0,0.0
2024-07-02,WAS,NYN,2.0,7.0
2024-07-02,SEA,BAL,0.0,2.0
2024-07-02,MIN,DET,5.0,3.0
2024-07-02,TOR,HOU,7.0,6.0
2024-07-02,LAN,ARI,6.0,5.0
2024-07-02,KCA,TBA,1.0,5.0
2024-07-02,COL,MIL,3.0,4.0
2024-07-02,CLE,CHA,7.0,6.0
2024-07-02,CHN,PHI,4.0,6.0
2024-07-02,MIA,BOS,3.0,8.0
2024-07-02,ATL,SFN,3.0,5.0
2024-07-03,TOR,HOU,2.0,9.0
2024-07-03,TEX,SDN,4.0,6.0
2024-07-03,SEA,BAL,1.0,4.0
2024-07-03,PIT,SLN,5.0,4.0
2024-07-03,OAK,ANA,5.0,0.0
2024-07-03,NYA,CIN,2.0,3.0
2024-07-03,MIN,DET,2.0,9.0
2024-07-03,WAS,NYN,7.0,5.0
2024-07-03,LAN,ARI,4.0,12.0
2024-07-03,KCA,TBA,4.0,2.0
2024-07-03,COL,MIL,0.0,3.0
2024-07-03,CLE,CHA,2.0,8.0
2024-07-03,CHN,PHI,3.0,5.0
2024-07-03,ATL,SFN,3.0,1.0
2024-07-03,MIA,BOS,2.0,7.0
2024-07-04,WAS,NYN,1.0,0.0
2024-07-04,TOR,HOU,3.0,5.0
2024-07-04,TEX,SDN,1.0,3.0
2024-07-04,SEA,BAL,7.0,3.0
2024-07-04,PIT,SLN,2.0,3.0
2024-07-04,OAK,ANA,5.0,0.0
2024-07-04,NYA,CIN,4.0,8.0
2024-07-04,MIN,DET,12.0,3.0
2024-07-04,LAN,ARI,3.0,9.0
2024-07-04,KCA,TBA,8.0,10.0
2024-07-04,COL,MIL,4.0,3.0
2024-07-04,CLE,CHA,8.0,4.0
2024-07-04,CHN,PHI,10.0,2.0
2024-07-04,ATL,SFN,2.0,4.0
2024-07-04,MIA,BOS,5.0,6.0
2024-07-05,OAK,BAL,2.0,3.0
2024-07-05,WAS,SLN,6.0,7.0
2024-07-05,TEX,TBA,3.0,0.0
2024-07-05,SEA,TOR,2.0,1.0
2024-07-05,SDN,ARI,10.0,8.0
2024-07-05,PIT,NYN,14.0,2.0
2024-07-05,MIN,HOU,12.0,13.0
2024-07-05,NYA,BOS,3.0,5.0
2024-07-05,LAN,MIL,8.0,5.0
2024-07-05,COL,KCA,4.0,2.0
2024-07-05,CLE,SFN,2.0,4.0
2024-07-05,CIN,DET,4.0,5.0
2024-07-05,CHN,ANA,5.0,1.0
2024-07-05,ATL,PHI,6.0,8.0
2024-07-05,MIA,CHA,2.0,3.0
2024-07-06,TEX,TBA,4.0,3.0
2024-07-06,WAS,SLN,14.0,6.0
2024-07-06,SEA,TOR,4.0,5.0
2024-07-06,PIT,NYN,2.0,5.0
2024-07-06,OAK,BAL,19.0,8.0
2024-07-06,NYA,BOS,14.0,4.0
2024-07-06,MIN,HOU,9.0,3.0
2024-07-06,SDN,ARI,5.0,7.0
2024-07-06,LAN,MIL,5.0,3.0
2024-07-06,COL,KCA,3.0,1.0
2024-07-06,CLE,SFN,5.0,4.0
2024-07-06,CIN,DET,3.0,5.0
2024-07-06,CHN,ANA,0.0,7.0
2024-07-06,ATL,PHI,5.0,1.0
2024-07-06,MIA,CHA,4.0,3.0
2024-07-07,TEX,TBA,13.0,2.0
2024-07-07,SEA,TOR,4.0,5.0
2024-07-07,SDN,ARI,1.0,9.0
2024-07-07,PIT,NYN,2.0,3.0
2024-07-07,OAK,BAL,3.0,6.0
2024-07-07,NYA,BOS,0.0,3.0
2024-07-07,MIN,HOU,3.0,2.0
2024-07-07,COL,KCA,1.0,10.0
2024-07-07,LAN,MIL,2.0,9.0
2024-07-07,CLE,SFN,5.0,4.0
2024-07-07,CIN,DET,1.0,5.0
2024-07-07,CHN,ANA,5.0,0.0
2024-07-07,ATL,PHI,6.0,0.0
2024-07-07,WAS,SLN,3.0,8.0
2024-07-07,MIA,CHA,7.0,4.0
2024-07-08,PIT,NYN,8.0,2.0
2024-07-08,CHA,MIN,6.0,8.0
2024-07-08,WAS,SLN,0.0,6.0
2024-07-08,DET,CLE,1.0,0.0
2024-07-08,ANA,TEX,4.0,9.0
2024-07-08,ARI,ATL,4.0,5.0
2024-07-08,CIN,COL,6.0,0.0
2024-07-09,TBA,NYA,5.0,3.0
2024-07-09,SFN,TOR,4.0,3.0
2024-07-09,SDN,SEA,3.0,8.0
2024-07-09,NYN,WAS,7.0,5.0
2024-07-09,MIL,PIT,2.0,12.0
2024-07-09,HOU,MIA,4.0,3.0
2024-07-09,PHI,LAN,10.0,1.0
2024-07-09,CIN,COL,12.0,6.0
2024-07-09,BOS,OAK,12.0,9.0
2024-07-09,BAL,CHN,2.0,9.0
2024-07-09,ARI,ATL,2.0,6.0
2024-07-09,ANA,TEX,4.0,5.0
2024-07-09,DET,CLE,8.0,9.0
2024-07-10,NYN,WAS,6.0,2.0
2024-07-10,SLN,KCA,5.0,8.0
2024-07-10,TBA,NYA,1.0,2.0
2024-07-10,SLN,KCA,4.0,6.0
2024-07-10,SFN,TOR,6.0,10.0
2024-07-10,SDN,SEA,0.0,2.0
2024-07-10,PHI,LAN,4.0,3.0
2024-07-10,MIL,PIT,9.0,0.0
2024-07-10,ARI,ATL,7.0,5.0
2024-07-10,DET,CLE,5.0,4.0
2024-07-10,CIN,COL,5.0,6.0
2024-07-10,CHA,MIN,2.0,3.0
2024-07-10,CHA,MIN,3.0,1.0
2024-07-10,BOS,OAK,2.0,5.0
2024-07-10,BAL,CHN,0.0,4.0
2024-07-10,ANA,TEX,7.0,2.0
2024-07-10,HOU,MIA,9.0,1.0
2024-07-11,NYN,WAS,7.0,0.0
2024-07-11,PHI,LAN,5.0,1.0
2024-07-11,MIL,PIT,0.0,1.0
2024-07-11,TBA,NYA,5.0,4.0
2024-07-11,SFN,TOR,3.0,5.0
2024-07-11,HOU,MIA,6.0,3.0
2024-07-11,BOS,OAK,7.0,0.0
2024-07-11,CIN,COL,8.0,1.0
2024-07-11,DET,CLE,10.0,1.0
2024-07-11,BAL,CHN,0.0,8.0
2024-07-11,ARI,ATL,1.0,0.0
2024-07-11,ANA,SEA,0.0,11.0
2024-07-12,TBA,CLE,2.0,0.0
2024-07-12,SLN,CHN,1.0,5.0
2024-07-12,SFN,MIN,7.0,1.0
2024-07-12,SDN,ATL,1.0,6.0
2024-07-12,PHI,OAK,2.0,6.0
2024-07-12,NYN,COL,7.0,6.0
2024-07-12,HOU,TEX,6.0,3.0
2024-07-12,MIL,WAS,2.0,5.0
2024-07-12,CIN,MIA,7.0,4.0
2024-07-12,CHA,PIT,1.0,4.0
2024-07-12,BOS,KCA,1.0,6.0
2024-07-12,BAL,NYA,1.0,4.0
2024-07-12,ARI,TOR,5.0,4.0
2024-07-12,ANA,SEA,6.0,5.0
2024-07-12,DET,LAN,3.0,4.0
2024-07-13,NYN,COL,7.0,3.0
2024-07-13,SLN,CHN,5.0,4.0
2024-07-13,SLN,CHN,11.0,3.0
2024-07-13,SFN,MIN,2.0,4.0
2024-07-13,SDN,ATL,4.0,0.0
2024-07-13,PHI,OAK,11.0,5.0
2024-07-13,MIL,WAS,5.0,6.0
2024-07-13,TBA,CLE,2.0,4.0
2024-07-13,DET,LAN,11.0,9.0
2024-07-13,CIN,MIA,10.0,6.0
2024-07-13,CHA,PIT,2.0,6.0
2024-07-13,BOS,KCA,5.0,0.0
2024-07-13,BAL,NYA,1.0,6.0
2024-07-13,ARI,TOR,12.0,1.0
2024-07-13,ANA,SEA,2.0,1.0
2024-07-13,HOU,TEX,1.0,2.0
2024-07-14,TBA,CLE,2.0,0.0
2024-07-14,SFN,MIN,3.0,2.0
2024-07-14,SDN,ATL,3.0,6.0
2024-07-14,PHI,OAK,3.0,18.0
2024-07-14,NYN,COL,5.0,8.0
2024-07-14,MIL,WAS,9.0,3.0
2024-07-14,HOU,TEX,2.0,4.0
2024-07-14,SLN,CHN,3.0,8.0
2024-07-14,CIN,MIA,2.0,3.0
2024-07-14,CHA,PIT,4.0,9.0
2024-07-14,BOS,KCA,5.0,4.0
2024-07-14,BAL,NYA,6.0,5.0
2024-07-14,ARI,TOR,7.0,8.0
2024-07-14,ANA,SEA,3.0,2.0
2024-07-14,DET,LAN,4.0,3.0
2024-07-16,ALS,NLS,5.0,3.0
2024-07-19,WAS,CIN,8.0,5.0
2024-07-19,TOR,DET,4.0,5.0
2024-07-19,TEX,BAL,1.0,9.0
2024-07-19,SEA,HOU,0.0,3.0
2024-07-19,PIT,PHI,8.0,7.0
2024-07-19,OAK,ANA,13.0,3.0
2024-07-19,MIA,NYN,6.0,4.0
2024-07-19,LAN,BOS,4.0,1.0
2024-07-19,KCA,CHA,7.0,1.0
2024-07-19,COL,SFN,7.0,3.0
2024-07-19,CLE,SDN,7.0,0.0
2024-07-19,CHN,ARI,2.0,5.0
2024-07-19,NYA,TBA,6.0,1.0
2024-07-20,NYA,TBA,1.0,9.0
2024-07-20,TOR,DET,3.0,7.0
2024-07-20,TEX,BAL,4.0,8.0
2024-07-20,SEA,HOU,2.0,4.0
2024-07-20,WAS,CIN,5.0,4.0
2024-07-20,OAK,ANA,8.0,2.0
2024-07-20,MIN,MIL,4.0,8.0
2024-07-20,PIT,PHI,4.0,1.0
2024-07-20,LAN,BOS,7.0,6.0
2024-07-20,KCA,CHA,6.0,1.0
2024-07-20,COL,SFN,4.0,3.0
2024-07-20,CLE,SDN,0.0,7.0
2024-07-20,CHN,ARI,0.0,3.0
2024-07-20,ATL,SLN,5.0,9.0
2024-07-20,ATL,SLN,3.0,2.0
2024-07-20,MIA,NYN,0.0,1.0
2024-07-21,WAS,CIN,5.0,2.0
2024-07-21,TEX,BAL,3.0,2.0
2024-07-21,SEA,HOU,6.0,4.0
2024-07-21,PIT,PHI,0.0,6.0
2024-07-21,OAK,ANA,5.0,8.0
2024-07-21,NYA,TBA,4.0,6.0
2024-07-21,MIN,MIL,7.0,8.0
2024-07-21,TOR,DET,5.0,4.0
2024-07-21,LAN,BOS,9.0,6.0
2024-07-21,KCA,CHA,4.0,1.0
2024-07-21,COL,SFN,2.0,3.0
2024-07-21,CLE,SDN,1.0,2.0
2024-07-21,CHN,ARI,2.0,1.0
2024-07-21,ATL,SLN,2.0,6.0
2024-07-21,MIA,NYN,4.0,2.0
2024-07-22,TEX,CHA,4.0,3.0
2024-07-22,SEA,ANA,1.0,3.0
2024-07-22,PIT,SLN,2.0,1.0
2024-07-22,OAK,HOU,4.0,0.0
2024-07-22,NYA,TBA,9.0,1.0
2024-07-22,MIN,PHI,7.0,2.0
2024-07-22,MIA,NYN,4.0,6.0
2024-07-22,KCA,ARI,10.0,4.0
2024-07-22,COL,BOS,9.0,8.0
2024-07-22,CLE,DET,2.0,8.0
2024-07-22,CHN,MIL,3.0,1.0
2024-07-22,ATL,CIN,1.0,4.0
2024-07-22,LAN,SFN,3.0,2.0
2024-07-23,OAK,HOU,8.0,2.0
2024-07-23,TOR,TBA,2.0,4.0
2024-07-23,TEX,CHA,3.0,2.0
2024-07-23,SEA,ANA,1.0,5.0
2024-07-23,WAS,SDN,0.0,4.0
2024-07-23,PIT,SLN,1.0,2.0
2024-07-23,NYA,NYN,2.0,3.0
2024-07-23,KCA,ARI,2.0,6.0
2024-07-23,MIA,BAL,6.0,3.0
2024-07-23,LAN,SFN,5.0,2.0
2024-07-23,COL,BOS,0.0,6.0
2024-07-23,CLE,DET,5.0,4.0
2024-07-23,CHN,MIL,0.0,1.0
2024-07-23,MIN,PHI,0.0,3.0
2024-07-24,WAS,SDN,3.0,12.0
2024-07-24,TOR,TBA,6.0,3.0
2024-07-24,TEX,CHA,10.0,2.0
2024-07-24,PIT,SLN,5.0,0.0
2024-07-24,OAK,HOU,1.0,8.0
2024-07-24,NYA,NYN,3.0,12.0
2024-07-24,MIN,PHI,5.0,4.0
2024-07-24,SEA,ANA,1.0,2.0
2024-07-24,LAN,SFN,3.0,8.0
2024-07-24,KCA,ARI,6.0,8.0
2024-07-24,COL,BOS,20.0,7.0
2024-07-24,CLE,DET,2.0,1.0
2024-07-24,CHN,MIL,2.0,3.0
2024-07-24,ATL,CIN,4.0,9.0
2024-07-24,MIA,BAL,6.0,3.0
2024-07-25,WAS,SDN,0.0,3.0
2024-07-25,TOR,TBA,0.0,13.0
2024-07-25,TEX,CHA,2.0,1.0
2024-07-25,NYN,ATL,3.0,2.0
2024-07-25,MIA,BAL,6.0,7.0
2024-07-25,CLE,DET,0.0,3.0
2024-07-25,ANA,OAK,5.0,6.0
2024-07-25,LAN,SFN,6.0,4.0
2024-07-26,NYN,ATL,8.0,4.0
2024-07-26,TOR,TEX,6.0,5.0
2024-07-26,TBA,CIN,2.0,3.0
2024-07-26,SLN,WAS,8.0,10.0
2024-07-26,SFN,COL,11.0,4.0
2024-07-26,PHI,CLE,1.0,3.0
2024-07-26,MIL,MIA,2.0,6.0
2024-07-26,CHA,SEA,0.0,10.0
2024-07-26,HOU,LAN,5.0,0.0
2024-07-26,DET,MIN,3.0,9.0
2024-07-26,KCA,CHN,6.0,0.0
2024-07-26,BOS,NYA,9.0,7.0
2024-07-26,BAL,SDN,4.0,6.0
2024-07-26,ARI,PIT,4.0,3.0
2024-07-26,ANA,OAK,4.0,5.0
2024-07-27,TOR,TEX,7.0,3.0
2024-07-27,SLN,WAS,3.0,14.0
2024-07-27,SFN,COL,5.0,0.0
2024-07-27,SFN,COL,4.0,1.0
2024-07-27,PHI,CLE,8.0,0.0
2024-07-27,NYN,ATL,0.0,4.0
2024-07-27,MIL,MIA,3.0,7.0
2024-07-27,TBA,CIN,4.0,0.0
2024-07-27,HOU,LAN,7.0,6.0
2024-07-27,DET,MIN,7.0,2.0
2024-07-27,CHA,SEA,3.0,6.0
2024-07-27,BOS,NYA,8.0,11.0
2024-07-27,BAL,SDN,4.0,9.0
2024-07-27,ARI,PIT,9.0,5.0
2024-07-27,ANA,OAK,1.0,3.0
2024-07-27,KCA,CHN,4.0,9.0
2024-07-28,TOR,TEX,7.0,3.0
2024-07-28,TBA,CIN,2.0,1.0
2024-07-28,SLN,WAS,4.0,3.0
2024-07-28,SFN,COL,5.0,4.0
2024-07-28,PHI,CLE,3.0,4.0
2024-07-28,NYN,ATL,2.0,9.0
2024-07-28,MIL,MIA,6.0,2.0
2024-07-28,HOU,LAN,2.0,6.0
2024-07-28,DET,MIN,0.0,5.0
2024-07-28,CHA,SEA,3.0,6.0
2024-07-28,BOS,NYA,2.0,8.0
2024-07-28,BAL,SDN,8.0,6.0
2024-07-28,ARI,PIT,5.0,6.0
2024-07-28,ANA,OAK,8.0,6.0
2024-07-28,KCA,CHN,3.0,7.0
2024-07-29,HOU,PIT,3.0,5.0
2024-07-29,SLN,TEX,3.0,6.0
2024-07-29,PHI,NYA,4.0,14.0
2024-07-29,NYN,MIN,15.0,2.0
2024-07-29,MIL,ATL,8.0,3.0
2024-07-29,DET,CLE,4.0,8.0
2024-07-29,BAL,TOR,4.0,8.0
2024-07-29,CHA,KCA,5.0,8.0
2024-07-29,BOS,SEA,14.0,7.0
2024-07-29,BAL,TOR,11.0,5.0
2024-07-29,ARI,WAS,9.0,8.0
2024-07-29,CIN,CHN,7.0,1.0
2024-07-30,TBA,MIA,9.0,3.0
2024-07-30,SLN,TEX,8.0,1.0
2024-07-30,SDN,LAN,6.0,5.0
2024-07-30,PHI,NYA,6.0,7.0
2024-07-30,NYN,MIN,2.0,0.0
2024-07-30,MIL,ATL,1.0,5.0
2024-07-30,HOU,PIT,2.0,6.0
2024-07-30,SFN,OAK,2.0,5.0
2024-07-30,CIN,CHN,6.0,3.0
2024-07-30,CHA,KCA,3.0,4.0
2024-07-30,BOS,SEA,6.0,10.0
2024-07-30,BAL,TOR,6.0,2.0
2024-07-30,ARI,WAS,17.0,0.0
2024-07-30,ANA,COL,10.0,7.0
2024-07-30,DET,CLE,0.0,5.0
2024-07-31,TBA,MIA,2.0,6.0
2024-07-31,SLN,TEX,10.0,1.0
2024-07-31,SFN,OAK,1.0,0.0
2024-07-31,SDN,LAN,8.0,1.0
2024-07-31,PHI,NYA,5.0,6.0
2024-07-31,NYN,MIN,3.0,8.0
2024-07-31,MIL,ATL,2.0,6.0
2024-07-31,CHA,KCA,3.0,10.0
2024-07-31,CIN,CHN,4.0,13.0
2024-07-31,BOS,SEA,3.0,2.0
2024-07-31,BAL,TOR,10.0,4.0
2024-07-31,ARI,WAS,5.0,4.0
2024-07-31,ANA,COL,1.0,2.0
2024-07-31,HOU,PIT,5.0,4.0
2024-08-01,DET,KCA,1.0,7.0
2024-08-01,CLE,BAL,10.0,3.0
2024-08-01,ANA,COL,4.0,5.0
2024-08-01,ATL,MIA,4.0,2.0
2024-08-01,CHN,SLN,5.0,4.0
2024-08-02,ANA,NYN,1.0,5.0
2024-08-02,WAS,MIL,3.0,8.0
2024-08-02,TEX,BOS,6.0,11.0
2024-08-02,SEA,PHI,10.0,2.0
2024-08-02,SDN,COL,2.0,5.0
2024-08-02,OAK,LAN,6.0,5.0
2024-08-02,NYA,TOR,5.0,8.0
2024-08-02,PIT,ARI,8.0,9.0
2024-08-02,HOU,TBA,3.0,2.0
2024-08-02,DET,KCA,2.0,9.0
2024-08-02,CLE,BAL,8.0,4.0
2024-08-02,CIN,SFN,0.0,3.0
2024-08-02,CHN,SLN,6.0,3.0
2024-08-02,ATL,MIA,5.0,3.0
2024-08-02,MIN,CHA,10.0,2.0
2024-08-03,OAK,LAN,0.0,10.0
2024-08-03,WAS,MIL,6.0,4.0
2024-08-03,TEX,BOS,7.0,4.0
2024-08-03,SEA,PHI,6.0,5.0
2024-08-03,SDN,COL,3.0,2.0
2024-08-03,PIT,ARI,4.0,2.0
2024-08-03,NYA,TOR,8.0,3.0
2024-08-03,CIN,SFN,6.0,4.0
2024-08-03,HOU,TBA,1.0,6.0
2024-08-03,DET,KCA,6.0,5.0
2024-08-03,CLE,BAL,4.0,7.0
2024-08-03,ATL,MIA,3.0,4.0
2024-08-03,ANA,NYN,5.0,4.0
2024-08-03,MIN,CHA,6.0,2.0
2024-08-03,CHN,SLN,4.0,5.0
2024-08-04,WAS,MIL,4.0,3.0
2024-08-04,NYA,TOR,4.0,3.0
2024-08-04,TEX,BOS,2.0,7.0
2024-08-04,SEA,PHI,0.0,6.0
2024-08-04,SDN,COL,10.0,2.0
2024-08-04,PIT,ARI,5.0,6.0
2024-08-04,OAK,LAN,2.0,3.0
2024-08-04,HOU,TBA,0.0,1.0
2024-08-04,DET,KCA,2.0,3.0
2024-08-04,CLE,BAL,5.0,9.0
2024-08-04,CIN,SFN,2.0,8.0
2024-08-04,CHN,SLN,6.0,2.0
2024-08-04,ATL,MIA,0.0,7.0
2024-08-04,ANA,NYN,3.0,2.0
2024-08-04,MIN,CHA,13.0,7.0
2024-08-05,WAS,SFN,1.0,4.0
2024-08-05,TEX,HOU,4.0,3.0
2024-08-05,SLN,NYN,0.0,6.0
2024-08-05,OAK,CHA,5.0,1.0
2024-08-05,LAN,PHI,5.0,3.0
2024-08-05,KCA,BOS,5.0,9.0
2024-08-05,CLE,ARI,6.0,7.0
2024-08-05,CHN,MIN,0.0,3.0
2024-08-05,MIA,CIN,3.0,10.0
2024-08-06,SEA,DET,2.0,4.0
2024-08-06,TOR,BAL,5.0,2.0
2024-08-06,TEX,HOU,2.0,4.0
2024-08-06,WAS,SFN,11.0,5.0
2024-08-06,SLN,TBA,4.0,3.0
2024-08-06,PIT,SDN,0.0,6.0
2024-08-06,COL,NYN,6.0,3.0
2024-08-06,MIA,CIN,2.0,8.0
2024-08-06,LAN,PHI,2.0,6.0
2024-08-06,KCA,BOS,5.0,6.0
2024-08-06,CHN,MIN,7.0,3.0
2024-08-06,ATL,MIL,0.0,10.0
2024-08-06,OAK,CHA,1.0,5.0
2024-08-07,OAK,CHA,3.0,2.0
2024-08-07,TOR,BAL,3.0,7.0
2024-08-07,WAS,SFN,4.0,7.0
2024-08-07,TEX,HOU,4.0,6.0
2024-08-07,SLN,TBA,5.0,2.0
2024-08-07,SEA,DET,2.0,6.0
2024-08-07,PIT,SDN,8.0,9.0
2024-08-07,NYA,ANA,2.0,8.0
2024-08-07,CHN,MIN,8.0,2.0
2024-08-07,MIA,CIN,6.0,4.0
2024-08-07,LAN,PHI,4.0,9.0
2024-08-07,KCA,BOS,8.0,4.0
2024-08-07,COL,NYN,3.0,5.0
2024-08-07,CLE,ARI,3.0,5.0
2024-08-07,CLE,ARI,3.0,7.0
2024-08-07,ATL,MIL,5.0,8.0
2024-08-07,NYA,ANA,5.0,2.0
2024-08-08,WAS,SFN,5.0,9.0
2024-08-08,TOR,BAL,7.0,6.0
2024-08-08,SLN,TBA,4.0,6.0
2024-08-08,SEA,DET,4.0,3.0
2024-08-08,PIT,SDN,6.0,7.0
2024-08-08,NYA,ANA,4.0,9.0
2024-08-08,MIA,CIN,4.0,10.0
2024-08-08,COL,NYN,1.0,9.0
2024-08-08,ATL,MIL,7.0,16.0
2024-08-08,ARI,PHI,4.0,6.0
2024-08-09,WAS,ANA,3.0,2.0
2024-08-09,TOR,OAK,3.0,1.0
2024-08-09,TBA,BAL,1.0,4.0
2024-08-09,SFN,DET,3.0,2.0
2024-08-09,SEA,NYN,6.0,0.0
2024-08-09,MIN,CLE,6.0,3.0
2024-08-09,MIN,CLE,4.0,2.0
2024-08-09,CHA,CHN,6.0,7.0
2024-08-09,MIA,SDN,2.0,6.0
2024-08-09,LAN,PIT,9.0,5.0
2024-08-09,KCA,SLN,5.0,8.0
2024-08-09,COL,ATL,6.0,5.0
2024-08-09,BOS,HOU,4.0,8.0
2024-08-09,ARI,PHI,3.0,2.0
2024-08-09,MIL,CIN,8.0,3.0
2024-08-10,NYA,TEX,8.0,0.0
2024-08-10,WAS,ANA,5.0,4.0
2024-08-10,TOR,OAK,0.0,1.0
2024-08-10,TBA,BAL,5.0,7.0
2024-08-10,SFN,DET,3.0,1.0
2024-08-10,SEA,NYN,4.0,0.0
2024-08-10,NYA,TEX,4.0,9.0
2024-08-10,MIN,CLE,1.0,2.0
2024-08-10,ARI,PHI,11.0,1.0
2024-08-10,MIA,SDN,8.0,9.0
2024-08-10,LAN,PIT,4.0,1.0
2024-08-10,KCA,SLN,8.0,3.0
2024-08-10,COL,ATL,8.0,11.0
2024-08-10,CHA,CHN,1.0,3.0
2024-08-10,BOS,HOU,4.0,5.0
2024-08-10,MIL,CIN,1.0,0.0
2024-08-11,WAS,ANA,4.0,6.0
2024-08-11,TOR,OAK,4.0,8.0
2024-08-11,TBA,BAL,2.0,1.0
2024-08-11,SFN,DET,4.0,5.0
2024-08-11,SEA,NYN,12.0,1.0
2024-08-11,NYA,TEX,8.0,7.0
2024-08-11,MIL,CIN,3.0,4.0
2024-08-11,MIA,SDN,7.0,6.0
2024-08-11,LAN,PIT,6.0,5.0
2024-08-11,COL,ATL,9.0,8.0
2024-08-11,BOS,HOU,2.0,10.0
2024-08-11,ARI,PHI,12.0,5.0
2024-08-11,MIN,CLE,3.0,5.0
2024-08-12,MIL,LAN,2.0,5.0
2024-08-12,SFN,ATL,0.0,1.0
2024-08-12,SDN,PIT,2.0,1.0
2024-08-12,MIN,KCA,8.0,3.0
2024-08-12,CLE,CHN,9.0,8.0
2024-08-12,TBA,HOU,1.0,6.0
2024-08-12,CHA,NYA,12.0,2.0
2024-08-12,ANA,TOR,2.0,4.0
2024-08-12,CIN,SLN,6.0,1.0
2024-08-12,BOS,TEX,5.0,4.0
2024-08-12,ARI,COL,5.0,4.0
2024-08-13,TBA,HOU,2.0,3.0
2024-08-13,SDN,PIT,3.0,0.0
2024-08-13,PHI,MIA,0.0,5.0
2024-08-13,NYN,OAK,4.0,9.0
2024-08-13,MIN,KCA,13.0,3.0
2024-08-13,MIL,LAN,2.0,7.0
2024-08-13,DET,SEA,15.0,1.0
2024-08-13,SFN,ATL,3.0,4.0
2024-08-13,CIN,SLN,4.0,1.0
2024-08-13,CHA,NYA,1.0,4.0
2024-08-13,BOS,TEX,9.0,4.0
2024-08-13,BAL,WAS,3.0,9.0
2024-08-13,ARI,COL,4.0,3.0
2024-08-13,ANA,TOR,1.0,6.0
2024-08-13,CLE,CHN,2.0,1.0
2024-08-14,TBA,HOU,1.0,2.0
2024-08-14,SFN,ATL,2.0,13.0
2024-08-14,SDN,PIT,8.0,2.0
2024-08-14,PHI,MIA,9.0,5.0
2024-08-14,NYN,OAK,9.0,1.0
2024-08-14,MIN,KCA,1.0,4.0
2024-08-14,MIL,LAN,5.0,4.0
2024-08-14,CIN,SLN,9.0,2.0
2024-08-14,CLE,CHN,6.0,1.0
2024-08-14,CHA,NYA,2.0,10.0
2024-08-14,BOS,TEX,7.0,9.0
2024-08-14,BAL,WAS,4.0,1.0
2024-08-14,ARI,COL,11.0,4.0
2024-08-14,DET,SEA,3.0,2.0
2024-08-14,ANA,TOR,2.0,9.0
2024-08-15,TEX,MIN,2.0,3.0
2024-08-15,PHI,WAS,13.0,3.0
2024-08-15,SFN,ATL,6.0,0.0
2024-08-15,NYN,OAK,6.0,7.0
2024-08-15,DET,SEA,2.0,1.0
2024-08-15,BAL,BOS,5.0,1.0
2024-08-15,MIL,LAN,6.0,4.0
2024-08-16,TEX,MIN,3.0,4.0
2024-08-16,TBA,ARI,5.0,4.0
2024-08-16,SLN,LAN,6.0,7.0
2024-08-16,PIT,SEA,5.0,3.0
2024-08-16,PHI,WAS,3.0,2.0
2024-08-16,MIL,CLE,5.0,3.0
2024-08-16,NYN,MIA,7.0,3.0
2024-08-16,DET,NYA,0.0,3.0
2024-08-16,COL,SDN,7.0,3.0
2024-08-16,CIN,KCA,1.0,7.0
2024-08-16,CHN,TOR,6.0,5.0
2024-08-16,BAL,BOS,10.0,12.0
2024-08-16,ANA,ATL,3.0,2.0
2024-08-16,HOU,CHA,4.0,5.0
2024-08-17,OAK,SFN,2.0,0.0
2024-08-17,TBA,ARI,6.0,1.0
2024-08-17,SLN,LAN,5.0,2.0
2024-08-17,TEX,MIN,2.0,5.0
2024-08-17,PIT,SEA,7.0,2.0
2024-08-17,PHI,WAS,5.0,1.0
2024-08-17,NYN,MIA,4.0,0.0
2024-08-17,CHN,TOR,3.0,2.0
2024-08-17,HOU,CHA,6.0,1.0
2024-08-17,DET,NYA,4.0,0.0
2024-08-17,COL,SDN,3.0,8.0
2024-08-17,CIN,KCA,1.0,13.0
2024-08-17,BAL,BOS,1.0,5.0
2024-08-17,ANA,ATL,3.0,11.0
2024-08-17,MIL,CLE,2.0,1.0
2024-08-18,OAK,SFN,2.0,4.0
2024-08-18,TBA,ARI,8.0,7.0
2024-08-18,SLN,LAN,1.0,2.0
2024-08-18,PIT,SEA,3.0,10.0
2024-08-18,PHI,WAS,4.0,6.0
2024-08-18,TEX,MIN,6.0,5.0
2024-08-18,NYN,MIA,2.0,3.0
2024-08-18,COL,SDN,3.0,2.0
2024-08-18,HOU,CHA,2.0,0.0
2024-08-18,DET,NYA,3.0,2.0
2024-08-18,CIN,KCA,1.0,8.0
2024-08-18,CHN,TOR,0.0,1.0
2024-08-18,BAL,BOS,4.0,2.0
2024-08-18,ANA,ATL,1.0,3.0
2024-08-18,MIL,CLE,2.0,0.0
2024-08-19,TOR,CIN,3.0,6.0
2024-08-19,TEX,PIT,4.0,3.0
2024-08-19,SFN,CHA,5.0,3.0
2024-08-19,SDN,MIN,5.0,3.0
2024-08-19,OAK,TBA,3.0,0.0
2024-08-19,NYN,BAL,4.0,3.0
2024-08-19,MIA,ARI,6.0,9.0
2024-08-19,LAN,SEA,3.0,0.0
2024-08-19,KCA,ANA,5.0,3.0
2024-08-19,HOU,BOS,5.0,4.0
2024-08-20,WAS,COL,1.0,3.0
2024-08-20,TOR,CIN,10.0,3.0
2024-08-20,TEX,PIT,0.0,4.0
2024-08-20,SLN,MIL,2.0,3.0
2024-08-20,SFN,CHA,4.0,1.0
2024-08-20,SDN,MIN,7.0,5.0
2024-08-20,OAK,TBA,0.0,1.0
2024-08-20,HOU,BOS,5.0,6.0
2024-08-20,NYA,CLE,5.0,9.0
2024-08-20,MIA,ARI,1.0,3.0
2024-08-20,LAN,SEA,6.0,3.0
2024-08-20,KCA,ANA,5.0,9.0
2024-08-20,CHN,DET,3.0,1.0
2024-08-20,ATL,PHI,3.0,1.0
2024-08-20,NYN,BAL,5.0,9.0
2024-08-21,SDN,MIN,4.0,11.0
2024-08-21,WAS,COL,6.0,1.0
2024-08-21,TOR,CIN,7.0,11.0
2024-08-21,TEX,PIT,1.0,0.0
2024-08-21,SLN,MIL,10.0,6.0
2024-08-21,SFN,CHA,2.0,6.0
2024-08-21,OAK,TBA,2.0,4.0
2024-08-21,NYN,BAL,4.0,3.0
2024-08-21,NYA,CLE,8.0,1.0
2024-08-21,MIA,ARI,8.0,10.0
2024-08-21,LAN,SEA,8.0,4.0
2024-08-21,KCA,ANA,3.0,0.0
2024-08-21,HOU,BOS,1.0,4.0
2024-08-21,CHN,DET,2.0,8.0
2024-08-21,ATL,PHI,2.0,3.0
2024-08-22,WAS,COL,8.0,3.0
2024-08-22,TOR,ANA,5.0,3.0
2024-08-22,SLN,MIL,3.0,0.0
2024-08-22,SDN,NYN,3.0,8.0
2024-08-22,PIT,CIN,7.0,0.0
2024-08-22,OAK,TBA,3.0,1.0
2024-08-22,NYA,CLE,6.0,0.0
2024-08-22,CHN,DET,10.0,2.0
2024-08-22,BAL,HOU,0.0,6.0
2024-08-22,ATL,PHI,3.0,2.0
2024-08-23,TOR,ANA,5.0,4.0
2024-08-23,SEA,SFN,6.0,5.0
2024-08-23,SDN,NYN,7.0,0.0
2024-08-23,PIT,CIN,6.0,5.0
2024-08-23,OAK,MIL,3.0,11.0
2024-08-23,NYA,COL,3.0,0.0
2024-08-23,MIN,SLN,1.0,6.0
2024-08-23,BOS,ARI,2.0,12.0
2024-08-23,LAN,TBA,7.0,3.0
2024-08-23,KCA,PHI,7.0,4.0
2024-08-23,CLE,TEX,3.0,5.0
2024-08-23,CHA,DET,2.0,5.0
2024-08-23,BAL,HOU,7.0,5.0
2024-08-23,ATL,WAS,3.0,2.0
2024-08-23,MIA,CHN,3.0,6.0
2024-08-24,NYA,COL,2.0,9.0
2024-08-24,TOR,ANA,3.0,1.0
2024-08-24,SEA,SFN,3.0,4.0
2024-08-24,SDN,NYN,1.0,7.0
2024-08-24,PIT,CIN,2.0,10.0
2024-08-24,OAK,MIL,5.0,9.0
2024-08-24,MIA,CHN,2.0,14.0
2024-08-24,MIN,SLN,6.0,0.0
2024-08-24,LAN,TBA,8.0,9.0
2024-08-24,KCA,PHI,2.0,11.0
2024-08-24,CLE,TEX,13.0,5.0
2024-08-24,CHA,DET,4.0,13.0
2024-08-24,BOS,ARI,1.0,4.0
2024-08-24,BAL,HOU,3.0,2.0
2024-08-24,ATL,WAS,4.0,2.0
2024-08-25,TOR,ANA,8.0,2.0
2024-08-25,SDN,NYN,3.0,2.0
2024-08-25,PIT,CIN,4.0,3.0
2024-08-25,OAK,MIL,4.0,3.0
2024-08-25,NYA,COL,10.0,3.0
2024-08-25,MIN,SLN,2.0,3.0
2024-08-25,MIA,CHN,7.0,2.0
2024-08-25,SEA,SFN,4.0,3.0
2024-08-25,KCA,PHI,3.0,11.0
2024-08-25,CLE,TEX,4.0,2.0
2024-08-25,CHA,DET,4.0,9.0
2024-08-25,BOS,ARI,5.0,7.0
2024-08-25,BAL,HOU,3.0,6.0
2024-08-25,ATL,WAS,1.0,5.0
2024-08-25,LAN,TBA,3.0,1.0
2024-08-26,WAS,NYA,2.0,5.0
2024-08-26,SLN,SDN,4.0,7.0
2024-08-26,SEA,TBA,5.0,1.0
2024-08-26,PIT,CHN,8.0,18.0
2024-08-26,PHI,HOU,3.0,2.0
2024-08-26,MIN,ATL,6.0,10.0
2024-08-26,CLE,KCA,4.0,9.0
2024-08-26,CLE,KCA,3.0,4.0
2024-08-26,CHA,DET,3.0,6.0
2024-08-26,BOS,TOR,3.0,7.0
2024-08-26,COL,MIA,3.0,2.0
2024-08-27,MIL,SFN,4.0,5.0
2024-08-27,WAS,NYA,4.0,2.0
2024-08-27,SLN,SDN,5.0,7.0
2024-08-27,SEA,TBA,2.0,3.0
2024-08-27,PIT,CHN,5.0,9.0
2024-08-27,PHI,HOU,5.0,0.0
2024-08-27,MIN,ATL,6.0,8.0
2024-08-27,LAN,BAL,2.0,3.0
2024-08-27,COL,MIA,8.0,9.0
2024-08-27,CLE,KCA,1.0,6.0
2024-08-27,CIN,OAK,4.0,5.0
2024-08-27,CHA,TEX,1.0,3.0
2024-08-27,BOS,TOR,6.0,3.0
2024-08-27,ARI,NYN,3.0,8.0
2024-08-27,DET,ANA,6.0,2.0
2024-08-28,PIT,CHN,10.0,14.0
2024-08-28,WAS,NYA,5.0,2.0
2024-08-28,SLN,SDN,4.0,3.0
2024-08-28,SEA,TBA,6.0,2.0
2024-08-28,PHI,HOU,0.0,10.0
2024-08-28,MIL,SFN,5.0,3.0
2024-08-28,LAN,BAL,6.0,4.0
2024-08-28,MIN,ATL,1.0,5.0
2024-08-28,COL,MIA,8.0,2.0
2024-08-28,CLE,KCA,7.0,5.0
2024-08-28,CIN,OAK,6.0,9.0
2024-08-28,CHA,TEX,3.0,4.0
2024-08-28,BOS,TOR,3.0,0.0
2024-08-28,ARI,NYN,8.0,5.0
2024-08-28,DET,ANA,3.0,2.0
2024-08-29,MIL,SFN,6.0,0.0
2024-08-29,LAN,BAL,6.0,3.0
2024-08-29,HOU,KCA,6.0,3.0
2024-08-29,DET,ANA,0.0,3.0
2024-08-29,BOS,TOR,0.0,2.0
2024-08-29,CIN,OAK,10.0,9.0
2024-08-29,CHA,TEX,1.0,2.0
2024-08-29,ARI,NYN,2.0,3.0
2024-08-29,PHI,ATL,5.0,4.0
2024-08-29,COL,MIA,8.0,12.0
2024-08-29,SLN,SDN,4.0,1.0
2024-08-30,PHI,ATL,2.0,7.0
2024-08-30,NYA,SLN,6.0,3.0
2024-08-30,SFN,MIA,3.0,1.0
2024-08-30,MIN,TOR,2.0,0.0
2024-08-30,TEX,OAK,2.0,9.0
2024-08-30,WAS,CHN,6.0,7.0
2024-08-30,TBA,SDN,5.0,13.0
2024-08-30,HOU,KCA,3.0,2.0
2024-08-30,ANA,SEA,5.0,9.0
2024-08-30,COL,BAL,3.0,5.0
2024-08-30,CLE,PIT,10.0,8.0
2024-08-30,CIN,MIL,0.0,14.0
2024-08-30,CIN,MIL,4.0,5.0
2024-08-30,CHA,NYN,1.0,5.0
2024-08-30,ARI,LAN,9.0,10.0
2024-08-30,DET,BOS,5.0,7.0
2024-08-31,WAS,CHN,3.0,5.0
2024-08-31,TEX,OAK,3.0,2.0
2024-08-31,TBA,SDN,11.0,4.0
2024-08-31,SFN,MIA,3.0,4.0
2024-08-31,PHI,ATL,3.0,0.0
2024-08-31,NYA,SLN,5.0,6.0
2024-08-31,MIN,TOR,0.0,15.0
2024-08-31,HOU,KCA,5.0,2.0
2024-08-31,DET,BOS,2.0,1.0
2024-08-31,COL,BAL,7.0,5.0
2024-08-31,CLE,PIT,0.0,3.0
2024-08-31,CIN,MIL,4.0,5.0
2024-08-31,CHA,NYN,3.0,5.0
2024-08-31,ARI,LAN,6.0,8.0
2024-08-31,ANA,SEA,5.0,4.0
2024-09-01,WAS,CHN,1.0,14.0
2024-09-01,TEX,OAK,6.0,4.0
2024-09-01,TBA,SDN,3.0,4.0
2024-09-01,PHI,ATL,3.0,2.0
2024-09-01,NYA,SLN,7.0,14.0
2024-09-01,MIN,TOR,4.0,3.0
2024-09-01,HOU,KCA,7.0,2.0
2024-09-01,SFN,MIA,5.0,7.0
2024-09-01,COL,BAL,1.0,6.0
2024-09-01,CLE,PIT,6.0,1.0
2024-09-01,CIN,MIL,4.0,3.0
2024-09-01,DET,BOS,4.0,1.0
2024-09-01,CHA,NYN,0.0,2.0
2024-09-01,ARI,LAN,14.0,3.0
2024-09-01,ANA,SEA,3.0,2.0
2024-09-02,TEX,NYA,4.0,8.0
2024-09-02,TBA,MIN,4.0,5.0
2024-09-02,SDN,DET,3.0,0.0
2024-09-02,OAK,SEA,5.0,4.0
2024-09-02,NYN,BOS,4.0,1.0
2024-09-02,KCA,CLE,2.0,4.0
2024-09-02,CIN,HOU,5.0,3.0
2024-09-02,CHN,PIT,3.0,5.0
2024-09-02,BAL,CHA,13.0,3.0
2024-09-02,ARI,LAN,6.0,11.0
2024-09-02,MIL,SLN,9.0,3.0
2024-09-03,OAK,SEA,3.0,2.0
2024-09-03,TOR,PHI,9.0,10.0
2024-09-03,TEX,NYA,7.0,4.0
2024-09-03,TBA,MIN,2.0,1.0
2024-09-03,SFN,ARI,7.0,8.0
2024-09-03,NYN,BOS,7.0,2.0
2024-09-03,ANA,LAN,2.0,6.0
2024-09-03,MIA,WAS,2.0,6.0
2024-09-03,KCA,CLE,1.0,7.0
2024-09-03,CHN,PIT,0.0,5.0
2024-09-03,BAL,CHA,9.0,0.0
2024-09-03,ATL,COL,3.0,0.0
2024-09-03,MIL,SLN,4.0,7.0
2024-09-04,NYN,BOS,8.0,3.0
2024-09-04,TEX,NYA,10.0,6.0
2024-09-04,TBA,MIN,9.0,4.0
2024-09-04,TOR,PHI,2.0,4.0
2024-09-04,SDN,DET,6.0,5.0
2024-09-04,OAK,SEA,3.0,16.0
2024-09-04,MIL,SLN,2.0,3.0
2024-09-04,SFN,ARI,4.0,6.0
2024-09-04,KCA,CLE,4.0,1.0
2024-09-04,ANA,LAN,10.0,1.0
2024-09-04,ATL,COL,5.0,2.0
2024-09-04,MIA,WAS,4.0,3.0
2024-09-04,CHN,PIT,12.0,0.0
2024-09-04,CIN,HOU,12.0,5.0
2024-09-04,BAL,CHA,1.0,8.0
2024-09-05,TEX,ANA,3.0,1.0
2024-09-05,TBA,MIN,3.0,4.0
2024-09-05,SDN,DET,3.0,4.0
2024-09-05,PIT,WAS,9.0,4.0
2024-09-05,SFN,ARI,3.0,2.0
2024-09-05,MIA,PHI,2.0,5.0
2024-09-05,CIN,HOU,1.0,0.0
2024-09-05,ATL,COL,1.0,3.0
2024-09-05,OAK,SEA,4.0,6.0
2024-09-06,MIL,COL,2.0,3.0
2024-09-06,SLN,SEA,1.0,6.0
2024-09-06,SDN,SFN,5.0,1.0
2024-09-06,OAK,DET,7.0,6.0
2024-09-06,NYN,CIN,6.0,4.0
2024-09-06,TEX,ANA,1.0,5.0
2024-09-06,MIA,PHI,2.0,16.0
2024-09-06,HOU,ARI,8.0,0.0
2024-09-06,KCA,MIN,5.0,0.0
2024-09-06,CHN,NYA,0.0,3.0
2024-09-06,BAL,TBA,2.0,0.0
2024-09-06,ATL,TOR,3.0,1.0
2024-09-06,LAN,CLE,1.0,3.0
2024-09-06,BOS,CHA,3.0,1.0
2024-09-07,NYN,CIN,4.0,0.0
2024-09-07,TEX,ANA,6.0,4.0
2024-09-07,SLN,SEA,2.0,0.0
2024-09-07,SDN,SFN,3.0,6.0
2024-09-07,PIT,WAS,6.0,8.0
2024-09-07,PIT,WAS,3.0,5.0
2024-09-07,OAK,DET,1.0,2.0
2024-09-07,MIL,COL,5.0,2.0
2024-09-07,LAN,CLE,7.0,2.0
2024-09-07,KCA,MIN,4.0,2.0
2024-09-07,HOU,ARI,11.0,5.0
2024-09-07,CHN,NYA,0.0,2.0
2024-09-07,BOS,CHA,7.0,5.0
2024-09-07,BAL,TBA,1.0,7.0
2024-09-07,ATL,TOR,5.0,9.0
2024-09-07,MIA,PHI,9.0,5.0
2024-09-08,TEX,ANA,7.0,4.0
2024-09-08,SLN,SEA,4.0,10.0
2024-09-08,SDN,SFN,6.0,7.0
2024-09-08,OAK,DET,1.0,9.0
2024-09-08,NYN,CIN,1.0,3.0
2024-09-08,MIL,COL,1.0,4.0
2024-09-08,MIA,PHI,10.0,1.0
2024-09-08,PIT,WAS,7.0,3.0
2024-09-08,KCA,MIN,2.0,0.0
2024-09-08,HOU,ARI,6.0,12.0
2024-09-08,CHN,NYA,2.0,1.0
2024-09-08,BOS,CHA,2.0,7.0
2024-09-08,BAL,TBA,0.0,2.0
2024-09-08,ATL,TOR,4.0,3.0
2024-09-08,LAN,CLE,4.0,0.0
2024-09-09,TOR,NYN,2.0,3.0
2024-09-09,PIT,MIA,3.0,2.0
2024-09-09,PHI,TBA,2.0,1.0
2024-09-09,NYA,KCA,10.0,4.0
2024-09-09,MIN,ANA,2.0,6.0
2024-09-09,CHA,CLE,3.0,5.0
2024-09-09,BOS,BAL,12.0,3.0
2024-09-09,ATL,CIN,0.0,1.0
2024-09-09,LAN,CHN,4.0,10.0
2024-09-10,PIT,MIA,6.0,4.0
2024-09-10,TOR,NYN,6.0,2.0
2024-09-10,SLN,CIN,0.0,3.0
2024-09-10,SFN,MIL,2.0,3.0
2024-09-10,SEA,SDN,3.0,7.0
2024-09-10,WAS,ATL,0.0,12.0
2024-09-10,PHI,TBA,9.0,4.0
2024-09-10,HOU,OAK,3.0,4.0
2024-09-10,MIN,ANA,10.0,5.0
2024-09-10,LAN,CHN,3.0,6.0
2024-09-10,DET,COL,11.0,0.0
2024-09-10,CHA,CLE,0.0,5.0
2024-09-10,BOS,BAL,3.0,5.0
2024-09-10,ARI,TEX,6.0,0.0
2024-09-10,NYA,KCA,0.0,5.0
2024-09-11,WAS,ATL,5.0,1.0
2024-09-11,TOR,NYN,2.0,6.0
2024-09-11,SLN,CIN,2.0,1.0
2024-09-11,SEA,SDN,5.0,2.0
2024-09-11,PIT,MIA,3.0,1.0
2024-09-11,PHI,TBA,3.0,2.0
2024-09-11,NYA,KCA,4.0,3.0
2024-09-11,SFN,MIL,13.0,2.0
2024-09-11,LAN,CHN,10.0,8.0
2024-09-11,HOU,OAK,4.0,5.0
2024-09-11,DET,COL,7.0,4.0
2024-09-11,CHA,CLE,4.0,6.0
2024-09-11,BOS,BAL,5.0,3.0
2024-09-11,ARI,TEX,14.0,4.0
2024-09-11,MIN,ANA,6.0,4.0
2024-09-12,WAS,MIA,3.0,6.0
2024-09-12,SLN,CIN,6.0,1.0
2024-09-12,SFN,MIL,0.0,3.0
2024-09-12,SEA,TEX,4.0,5.0
2024-09-12,NYA,BOS,2.0,1.0
2024-09-12,DET,COL,2.0,4.0
2024-09-12,CLE,TBA,2.0,5.0
2024-09-12,HOU,OAK,6.0,3.0
2024-09-13,PHI,NYN,3.0,11.0
2024-09-13,WAS,MIA,4.0,1.0
2024-09-13,TOR,SLN,4.0,3.0
2024-09-13,SFN,SDN,0.0,5.0
2024-09-13,SEA,TEX,5.0,4.0
2024-09-13,PIT,KCA,3.0,8.0
2024-09-13,NYA,BOS,5.0,4.0
2024-09-13,CHA,OAK,0.0,2.0
2024-09-13,DET,BAL,1.0,0.0
2024-09-13,COL,CHN,9.0,5.0
2024-09-13,CLE,TBA,1.0,3.0
2024-09-13,ATL,LAN,6.0,2.0
2024-09-13,ARI,MIL,1.0,2.0
2024-09-13,ANA,HOU,3.0,5.0
2024-09-13,MIN,CIN,4.0,8.0
2024-09-14,WAS,MIA,4.0,1.0
2024-09-14,TOR,SLN,7.0,2.0
2024-09-14,SFN,SDN,0.0,8.0
2024-09-14,SEA,TEX,5.0,4.0
2024-09-14,PIT,KCA,1.0,5.0
2024-09-14,PHI,NYN,6.0,4.0
2024-09-14,NYA,BOS,1.0,7.0
2024-09-14,MIN,CIN,1.0,11.0
2024-09-14,COL,CHN,6.0,5.0
2024-09-14,CLE,TBA,6.0,1.0
2024-09-14,CHA,OAK,7.0,6.0
2024-09-14,ATL,LAN,10.0,1.0
2024-09-14,ARI,MIL,8.0,15.0
2024-09-14,ANA,HOU,3.0,5.0
2024-09-14,DET,BAL,2.0,4.0
2024-09-15,NYA,BOS,5.0,2.0
2024-09-15,WAS,MIA,4.0,3.0
2024-09-15,SFN,SDN,3.0,4.0
2024-09-15,SEA,TEX,7.0,0.0
2024-09-15,PIT,KCA,4.0,3.0
2024-09-15,PHI,NYN,2.0,1.0
2024-09-15,MIN,CIN,9.0,2.0
2024-09-15,TOR,SLN,3.0,2.0
2024-09-15,COL,CHN,2.0,6.0
2024-09-15,ANA,HOU,4.0,6.0
2024-09-15,ARI,MIL,11.0,10.0
2024-09-15,DET,BAL,4.0,2.0
2024-09-15,CHA,OAK,4.0,3.0
2024-09-15,ATL,LAN,2.0,9.0
2024-09-15,CLE,TBA,2.0,0.0
2024-09-16,SLN,PIT,4.0,0.0
2024-09-16,SDN,HOU,3.0,1.0
2024-09-16,NYN,WAS,2.0,1.0
2024-09-16,KCA,DET,6.0,7.0
2024-09-16,MIL,PHI,6.0,2.0
2024-09-16,CLE,MIN,4.0,3.0
2024-09-16,CHN,OAK,9.0,2.0
2024-09-16,ATL,LAN,0.0,9.0
2024-09-16,ANA,CHA,4.0,8.0
2024-09-16,COL,ARI,3.0,2.0
2024-09-17,NYN,WAS,10.0,1.0
2024-09-17,TBA,BOS,8.0,3.0
2024-09-17,SLN,PIT,3.0,1.0
2024-09-17,SEA,NYA,2.0,11.0
2024-09-17,SDN,HOU,3.0,4.0
2024-09-17,TEX,TOR,13.0,8.0
2024-09-17,MIL,PHI,1.0,5.0
2024-09-17,CLE,MIN,1.0,4.0
2024-09-17,KCA,DET,1.0,3.0
2024-09-17,COL,ARI,8.0,2.0
2024-09-17,CIN,ATL,6.0,5.0
2024-09-17,BAL,SFN,0.0,10.0
2024-09-17,ANA,CHA,5.0,0.0
2024-09-17,MIA,LAN,11.0,9.0
2024-09-17,CHN,OAK,3.0,4.0
2024-09-18,MIL,PHI,2.0,1.0
2024-09-18,TEX,TOR,2.0,0.0
2024-09-18,TBA,BOS,1.0,2.0
2024-09-18,SLN,PIT,10.0,5.0
2024-09-18,SEA,NYA,1.0,2.0
2024-09-18,SDN,HOU,4.0,0.0
2024-09-18,NYN,WAS,10.0,0.0
2024-09-18,MIA,LAN,4.0,8.0
2024-09-18,COL,ARI,4.0,9.0
2024-09-18,CLE,MIN,5.0,4.0
2024-09-18,CIN,ATL,1.0,7.0
2024-09-18,CHN,OAK,3.0,5.0
2024-09-18,BAL,SFN,3.0,5.0
2024-09-18,ANA,CHA,4.0,3.0
2024-09-18,KCA,DET,2.0,4.0
2024-09-19,TEX,TOR,0.0,4.0
2024-09-19,TBA,BOS,2.0,0.0
2024-09-19,SLN,PIT,2.0,3.0
2024-09-19,SEA,NYA,3.0,2.0
2024-09-19,NYN,PHI,10.0,6.0
2024-09-19,MIL,ARI,1.0,5.0
2024-09-19,MIA,LAN,4.0,20.0
2024-09-19,HOU,ANA,3.0,1.0
2024-09-19,CLE,MIN,3.0,2.0
2024-09-19,CIN,ATL,3.0,15.0
2024-09-19,CHN,WAS,7.0,6.0
2024-09-19,BAL,SFN,5.0,3.0
2024-09-20,TEX,SEA,2.0,8.0
2024-09-20,TBA,TOR,1.0,0.0
2024-09-20,SLN,CLE,1.0,5.0
2024-09-20,SDN,CHA,3.0,2.0
2024-09-20,OAK,NYA,2.0,4.0
2024-09-20,NYN,PHI,2.0,12.0
2024-09-20,MIL,ARI,4.0,7.0
2024-09-20,BAL,DET,7.0,1.0
2024-09-20,LAN,COL,6.0,4.0
2024-09-20,KCA,SFN,1.0,2.0
2024-09-20,HOU,ANA,9.0,7.0
2024-09-20,CIN,PIT,8.0,3.0
2024-09-20,CHN,WAS,3.0,1.0
2024-09-20,BOS,MIN,2.0,4.0
2024-09-20,MIA,ATL,4.0,3.0
2024-09-21,NYN,PHI,6.0,3.0
2024-09-21,TBA,TOR,3.0,2.0
2024-09-21,SLN,CLE,6.0,5.0
2024-09-21,SDN,CHA,6.0,2.0
2024-09-21,TEX,SEA,4.0,8.0
2024-09-21,MIL,ARI,0.0,5.0
2024-09-21,OAK,NYA,0.0,10.0
2024-09-21,LAN,COL,3.0,6.0
2024-09-21,KCA,SFN,0.0,9.0
2024-09-21,HOU,ANA,10.0,4.0
2024-09-21,CIN,PIT,7.0,1.0
2024-09-21,CHN,WAS,1.0,5.0
2024-09-21,BAL,DET,4.0,6.0
2024-09-21,MIA,ATL,2.0,6.0
2024-09-22,TEX,SEA,6.0,5.0
2024-09-22,TBA,TOR,4.0,3.0
2024-09-22,SLN,CLE,2.0,1.0
2024-09-22,SDN,CHA,4.0,2.0
2024-09-22,OAK,NYA,4.0,7.0
2024-09-22,NYN,PHI,2.0,1.0
2024-09-22,MIA,ATL,4.0,5.0
2024-09-22,MIL,ARI,10.0,9.0
2024-09-22,KCA,SFN,0.0,2.0
2024-09-22,HOU,ANA,8.0,9.0
2024-09-22,CIN,PIT,0.0,2.0
2024-09-22,CHN,WAS,5.0,0.0
2024-09-22,BOS,MIN,9.0,3.0
2024-09-22,BOS,MIN,8.0,1.0
2024-09-22,BAL,DET,3.0,4.0
2024-09-22,LAN,COL,6.0,5.0
2024-09-23,TOR,BOS,1.0,4.0
2024-09-23,PHI,CHN,6.0,2.0
2024-09-23,HOU,SEA,1.0,6.0
2024-09-23,ARI,SFN,3.0,6.0
2024-09-24,NYA,BAL,3.0,5.0
2024-09-24,WAS,KCA,0.0,1.0
2024-09-24,TOR,BOS,5.0,6.0
2024-09-24,PIT,MIL,2.0,7.0
2024-09-24,PHI,CHN,4.0,10.0
2024-09-24,OAK,TEX,5.0,4.0
2024-09-24,LAN,SDN,2.0,4.0
2024-09-24,MIN,MIA,1.0,4.0
2024-09-24,DET,TBA,2.0,1.0
2024-09-24,COL,SLN,3.0,7.0
2024-09-24,CLE,CIN,6.0,1.0
2024-09-24,CHA,ANA,3.0,2.0
2024-09-24,ATL,NYN,5.0,1.0
2024-09-24,ARI,SFN,0.0,11.0
2024-09-24,HOU,SEA,4.0,3.0
2024-09-25,PIT,MIL,2.0,1.0
2024-09-25,WAS,KCA,0.0,3.0
2024-09-25,TOR,BOS,6.0,1.0
2024-09-25,PHI,CHN,9.0,6.0
2024-09-25,OAK,TEX,1.0,5.0
2024-09-25,MIN,MIA,8.0,3.0
2024-09-25,NYA,BAL,7.0,9.0
2024-09-25,HOU,SEA,1.0,8.0
2024-09-25,DET,TBA,7.0,1.0
2024-09-25,COL,SLN,2.0,5.0
2024-09-25,CLE,CIN,5.0,2.0
2024-09-25,CHA,ANA,4.0,3.0
2024-09-25,ARI,SFN,8.0,2.0
2024-09-25,LAN,SDN,4.0,3.0
2024-09-26,WAS,KCA,4.0,7.0
2024-09-26,PIT,MIL,2.0,5.0
2024-09-26,OAK,TEX,3.0,2.0
2024-09-26,NYA,BAL,10.0,1.0
2024-09-26,COL,SLN,10.0,8.0
2024-09-26,LAN,SDN,7.0,2.0
2024-09-26,DET,TBA,4.0,3.0
2024-09-26,CHA,ANA,7.0,0.0
2024-09-26,MIN,MIA,6.0,8.0
2024-09-27,MIN,BAL,2.0,7.0
2024-09-27,NYA,PIT,2.0,4.0
2024-09-27,MIL,NYN,8.0,4.0
2024-09-27,SFN,SLN,3.0,6.0
2024-09-27,TOR,MIA,5.0,15.0
2024-09-27,WAS,PHI,9.0,1.0
2024-09-27,DET,CHA,4.0,1.0
2024-09-27,SEA,OAK,2.0,0.0
2024-09-27,CLE,HOU,2.0,5.0
2024-09-27,ANA,TEX,2.0,5.0
2024-09-27,ARI,SDN,3.0,5.0
2024-09-27,COL,LAN,4.0,11.0
2024-09-27,BOS,TBA,1.0,2.0
2024-09-27,CHN,CIN,1.0,0.0
2024-09-27,ATL,KCA,3.0,0.0
2024-09-28,TOR,MIA,1.0,8.0
2024-09-28,SEA,OAK,7.0,6.0
2024-09-28,NYA,PIT,4.0,9.0
2024-09-28,MIN,BAL,2.0,9.0
2024-09-28,MIL,NYN,6.0,0.0
2024-09-28,DET,CHA,0.0,4.0
2024-09-28,WAS,PHI,6.0,3.0
2024-09-28,CLE,HOU,3.0,4.0
2024-09-28,COL,LAN,2.0,13.0
2024-09-28,ANA,TEX,8.0,9.0
2024-09-28,ARI,SDN,0.0,5.0
2024-09-28,SFN,SLN,6.0,5.0
2024-09-28,BOS,TBA,2.0,7.0
2024-09-28,CHN,CIN,3.0,0.0
2024-09-28,ATL,KCA,2.0,1.0
2024-09-29,DET,CHA,5.0,9.0
2024-09-29,WAS,PHI,3.0,6.0
2024-09-29,TOR,MIA,1.0,3.0
2024-09-29,SFN,SLN,1.0,6.0
2024-09-29,SEA,OAK,6.0,4.0
2024-09-29,NYA,PIT,6.0,4.0
2024-09-29,MIN,BAL,2.0,6.0
2024-09-29,CHN,CIN,0.0,3.0
2024-09-29,COL,LAN,1.0,2.0
2024-09-29,BOS,TBA,3.0,1.0
2024-09-29,ATL,KCA,2.0,4.0
2024-09-29,ARI,SDN,11.0,2.0
2024-09-29,ANA,TEX,0.0,8.0
2024-09-29,MIL,NYN,0.0,5.0
2024-09-30,ATL,NYN,7.0,8.0
2024-09-30,ATL,NYN,3.0,0.0
2024-10-01,SDN,ATL,4.0,0.0
2024-10-01,MIL,NYN,4.0,8.0
2024-10-01,BAL,KCA,0.0,1.0
2024-10-01,HOU,DET,1.0,3.0
2024-10-02,BAL,KCA,1.0,2.0
2024-10-02,HOU,DET,2.0,5.0
2024-10-02,MIL,NYN,5.0,3.0
2024-10-02,SDN,ATL,5.0,4.0
2024-10-03,MIL,NYN,2.0,4.0
2024-10-05,PHI,NYN,2.0,6.0
2024-10-05,NYA,KCA,6.0,5.0
2024-10-05,LAN,SDN,7.0,5.0
2024-10-05,CLE,DET,7.0,0.0
2024-10-06,LAN,SDN,2.0,10.0
2024-10-06,PHI,NYN,7.0,6.0
2024-10-07,CLE,DET,0.0,3.0
2024-10-07,NYA,KCA,2.0,4.0
2024-10-08,NYN,PHI,7.0,2.0
2024-10-08,SDN,LAN,6.0,5.0
2024-10-09,NYN,PHI,4.0,1.0
2024-10-09,SDN,LAN,0.0,8.0
2024-10-09,DET,CLE,3.0,0.0
2024-10-09,KCA,NYA,2.0,3.0
2024-10-10,DET,CLE,4.0,5.0
2024-10-10,KCA,NYA,1.0,3.0
2024-10-11,LAN,SDN,2.0,0.0
2024-10-12,CLE,DET,7.0,3.0
2024-10-13,LAN,NYN,9.0,0.0
2024-10-14,LAN,NYN,3.0,7.0
2024-10-14,NYA,CLE,5.0,2.0
2024-10-15,NYA,CLE,6.0,3.0
2024-10-16,NYN,LAN,0.0,8.0
2024-10-17,CLE,NYA,7.0,5.0
2024-10-17,NYN,LAN,2.0,10.0
2024-10-18,CLE,NYA,6.0,8.0
2024-10-18,NYN,LAN,12.0,6.0
2024-10-19,CLE,NYA,2.0,5.0
2024-10-20,LAN,NYN,10.0,5.0
2024-10-25,LAN,NYA,6.0,3.0
2024-10-26,LAN,NYA,4.0,2.0
2024-10-28,NYA,LAN,2.0,4.0
2024-10-29,NYA,LAN,11.0,4.0
2024-10-30,NYA,LAN,6.0,7.0
